387,0,,0,0,0,0,0,0,0.1
5,332.7,,2,,0,,7.5,,0.11
a7,0,,0,,-0.1,,0,,0.11
aa,0,12,9,0,0,240,192,0,0.111
ab,0,0,0,0,0,0,0,0,0.111
387,0.1,,0,0,0,0,0,0,0.15
387,0.3,,0,0,0,0,0,0,0.2
387,0,,0,0,0,0,0,0,0.25
387,0,,0,0,0,0,0,0,0.3
387,0.1,,0,0,0,0,0,0,0.35
387,-0.4,,48,0,0,0,0,0,0.4
387,0,,48,0,0,0,0,0,0.65
387,0,,48,0,0,0,0,0,0.7
387,-0.2,,48,0,0,0,0,0,0.75
387,0,,48,0,0,0,0,0,0.8
387,0.1,,48,0,0,0,0,0,0.85
387,0.1,,48,0,0,0,0,0,0.9
387,0,,48,0,0,0,0,0,0.95
387,-0.2,,48,0,0,0,0,0,1
387,-0.2,,48,0,0,0,0,0,1.05
387,0.3,,48,0,0,0,0,0,1.1
5,332.7,,0,,0,,27.2,,1.13
387,0.1,,48,0,0,0,0,0,1.15
387,0.3,,48,0,0,0,0,0,1.2
387,0,,48,0,0,0,0,0,1.25
387,0,,48,0,0,0,0,0,1.3
387,0.1,,48,0,0,0,0,0,1.35
387,0.1,,48,0,0,0,0,0,1.4
387,0,,48,0,0,0,0,0,1.45
387,0.1,,48,0,0,0,0,0,1.5
387,0,,48,0,0,0,0,0,1.55
387,-0.4,,48,0,0,0,0,0,1.6
5,332.7,,0,,0,,27.2,,1.64
400,33.4,,34.1,,303,,302,,1.683
387,-0.2,,48,0,0,0,0,0,1.7
387,0.7,,48,0,0,0,0,0,1.75
387,0.1,,48,0,0,0,0,0,1.8
387,0.1,,48,0,0,0,0,0,1.85
387,0,,48,0,0,0,0,0,1.9
387,0,,48,0,0,0,0,0,1.95
387,-0.2,,48,0,0,0,0,0,2
387,-0.4,,48,0,0,0,0,0,2.05
387,0,,48,0,0,0,0,0,2.15
387,0.3,,48,0,0,0,0,0,2.2
400,33.3,,33.5,,301,,302,,2.244
380,37,95,0,,485.62,,0,,2.269
387,0,,48,0,0,0,0,0,2.3
387,0,,48,0,0,0,0,0,2.35
387,0,,48,0,0,0,0,0,2.4
387,0,,48,0,0,0,0,0,2.45
387,0.5,,48,0,0,0,0,0,2.5
387,0,,48,0,0,0,0,0,2.55
387,0.1,,48,0,0,0,0,0,2.6
766,0,0,100,100,100,5,2607,,2.607
0,0,,0,,1,2,0,,2.607
387,0,,48,0,0,0,0,0,2.65
387,-0.2,,48,0,0,0,0,0,2.7
0,0,,0,,1,2,0,,2.706
387,-0.4,,48,0,0,0,0,0,2.75
0,0,,0,,1,2,0,,2.751
0,0,,0,,1,2,0,,2.791
380,37,95,0,,485.61,,0,,2.821
0,0,,0,,1,2,0,,2.831
387,0.1,,48,0,0,0,0,0,2.9
387,0,,48,0,0,0,0,0,2.95
0,0,,0,,1,2,0,,2.961
387,0,,48,0,0,0,0,0,3
0,0,,0,,1,2,0,,3.001
0,0,,0,,1,2,0,,3.041
0,0,,0,,1,2,0,,3.086
0,0,,0,,1,2,0,,3.126
387,0.3,,48,0,0,0,0,0,3.15
387,0,,48,0,0,0,0,0,3.2
387,0,,48,0,0,0,0,0,3.25
0,0,,0,,1,2,0,,3.251
0,0,,0,,1,2,0,,3.296
0,0,,0,,1,2,0,,3.336
400,33.3,,34.1,,299,,303,,3.366
380,37,95,0,,485.61,,0,,3.374
0,0,,0,,1,2,0,,3.381
0,0,,0,,1,2,0,,3.421
387,-0.2,,48,0,0,0,0,0,3.45
387,0,,48,0,0,0,0,0,3.5
0,0,,0,,1,2,0,,3.506
0,0,,0,,1,2,0,,3.546
0,0,,0,,1,2,0,,3.591
0,0,,0,,1,2,0,,3.631
766,0,0,100,100,100,135,3671,,3.671
0,0,,0,,1,2,0,,3.671
387,0.5,,48,0,0,0,0,0,3.7
387,-0.2,,48,0,0,0,0,0,3.75
0,0,,0,,1,2,0,,3.756
387,0,,48,0,0,0,0,0,3.8
0,0,,0,,1,2,0,,3.801
0,0,,0,,1,2,0,,3.841
0,0,,0,,1,2,0,,3.881
0,0,,0,,1,2,0,,3.926
387,-0.2,,48,0,0,0,0,0,3.95
387,0,,48,0,0,0,0,0,4
0,0,,0,,1,2,0,,4.011
387,0.1,,48,0,0,0,0,0,4.05
0,0,,0,,1,2,0,,4.051
0,0,,0,,1,2,0,,4.091
0,0,,0,,1,2,0,,4.136
5,332.8,,0,,0,,27,,4.19
387,0,,48,0,0,0,0,0,4.25
387,0,,48,0,0,0,0,0,4.3
0,0,,0,,1,2,0,,4.301
0,0,,0,,1,2,0,,4.346
0,0,,0,,1,2,0,,4.386
0,0,,0,,1,2,0,,4.431
0,0,,0,,1,2,0,,4.471
387,0,,48,0,0,0,0,0,4.5
387,-0.2,,48,0,0,0,0,0,4.55
0,0,,0,,1,2,0,,4.56
387,0,,48,0,0,0,0,0,4.6
0,0,,0,,1,2,0,,4.6
0,0,,0,,1,2,0,,4.645
0,0,,0,,1,2,0,,4.685
766,0,0,100,100,100,135,4725,,4.725
0,0,,0,,1,2,0,,4.725
0,0,,0,,1,2,0,,4.77
387,0,,48,0,0,0,0,0,4.8
0,0,,0,,1,2,0,,4.81
0,0,,0,,1,2,0,,4.895
0,0,,0,,1,2,0,,4.935
0,0,,0,,1,2,0,,4.98
0,0,,0,,1,2,0,,5.02
400,33.8,,33.5,,297,,302,,5.049
387,0,,48,0,0,0,0,0,5.1
0,0,,0,,1,2,0,,5.109
0,0,,0,,1,2,0,,5.149
0,0,,0,,1,2,0,,5.194
0,0,,0,,1,2,0,,5.235
0,0,,0,,1,2,0,,5.28
0,0,,0,,1,2,0,,5.32
387,0,,48,0,0,0,0,0,5.35
0,0,,0,,1,2,0,,5.36
387,0,,48,0,0,0,0,0,5.4
0,0,,0,,1,2,0,,5.405
0,0,,0,,1,2,0,,5.445
0,0,,0,,1,2,0,,5.49
0,0,,0,,1,2,0,,5.53
0,0,,0,,1,2,0,,5.57
387,0,,48,0,0,0,0,0,5.6
387,0,,48,0,0,0,0,0,5.65
0,0,,0,,1,2,0,,5.655
387,0,,48,0,0,0,0,0,5.7
0,0,,0,,1,2,0,,5.7
0,0,,0,,1,2,0,,5.74
766,0,0,100,100,100,135,5780,,5.78
0,0,,0,,1,2,0,,5.78
0,0,,0,,1,2,0,,5.825
387,0,,48,0,0,0,0,0,5.85
387,0,,48,0,0,0,0,0,5.9
0,0,,0,,1,2,0,,5.91
387,0,,48,0,0,0,0,0,5.95
0,0,,0,,1,2,0,,5.95
0,0,,0,,1,2,0,,5.99
0,0,,0,,1,2,0,,6.035
0,0,,0,,1,2,0,,6.075
387,0,,48,0,0,0,0,0,6.1
380,37,93,0,,485.61,,0,,6.148
400,33,,33.8,,298,,303,,6.171
5,333.4,,0,,0,,26.5,,6.23
387,0,,48,0,0,0,0,0,6.3
387,0,,48,0,0,0,0,0,6.35
387,0.5,,48,0,0,0,0,0,6.4
0,0,,0,,1,2,0,,6.41
387,0,,48,0,0,0,0,0,6.45
0,0,,0,,1,2,0,,6.455
0,0,,0,,1,2,0,,6.495
0,0,,0,,1,2,0,,6.54
0,0,,0,,1,2,0,,6.58
0,0,,0,,1,2,0,,6.62
387,0.1,,48,0,0,0,0,0,6.65
387,0,,48,0,0,0,0,0,6.7
0,0,,0,,1,2,0,,6.705
400,33.6,,33.7,,297,,303,,6.732
0,0,,0,,1,2,0,,6.79
766,0,0,100,100,100,135,6830,,6.83
0,0,,0,,1,2,0,,6.83
0,0,,0,,1,2,0,,6.875
387,0.1,,48,0,0,0,0,0,6.9
387,0.1,,48,0,0,0,0,0,6.95
0,0,,0,,1,2,0,,6.96
0,0,,0,,1,2,0,,7.04
0,0,,0,,1,2,0,,7.085
0,0,,0,,1,2,0,,7.125
387,-0.4,,48,0,0,0,0,0,7.15
0,0,,0,,1,2,0,,7.21
387,0,,48,0,0,0,0,0,7.25
5,333.6,,0,,0,,26.4,,7.25
0,0,,0,,1,2,0,,7.25
400,33.6,,33.3,,296,,302,,7.293
0,0,,0,,1,2,0,,7.299
0,0,,0,,1,2,0,,7.339
0,0,,0,,1,2,0,,7.384
0,0,,0,,1,2,0,,7.424
387,0,,48,0,0,0,0,0,7.45
387,0.3,,48,0,0,0,0,0,7.5
0,0,,0,,1,2,0,,7.509
0,0,,0,,1,2,0,,7.549
0,0,,0,,1,2,0,,7.594
0,0,,0,,1,2,0,,7.634
0,0,,0,,1,2,0,,7.674
387,0,,48,0,0,0,0,0,7.75
0,0,,0,,1,2,0,,7.759
387,0,,48,0,0,0,0,0,7.8
0,0,,0,,1,2,0,,7.804
0,0,,0,,1,2,0,,7.844
766,0,0,100,100,100,135,7884,,7.884
0,0,,0,,1,2,0,,7.884
0,0,,0,,1,2,0,,7.929
0,0,,0,,1,2,0,,7.969
387,0,,48,0,0,0,0,0,8
0,0,,0,,1,2,0,,8.014
387,0.1,,48,0,0,0,0,0,8.05
0,0,,0,,1,2,0,,8.054
0,0,,0,,1,2,0,,8.094
0,0,,0,,1,2,0,,8.139
0,0,,0,,1,2,0,,8.179
0,0,,0,,1,2,0,,8.224
387,-0.2,,48,0,0,0,0,0,8.25
5,333.6,,0,,0,,26.4,,8.27
387,0.5,,48,0,0,0,0,0,8.3
0,0,,0,,1,2,0,,8.304
380,37,91,0,,485.61,,0,,8.366
387,0.3,,48,0,0,0,0,0,8.4
0,0,,0,,1,2,0,,8.438
0,0,,0,,1,2,0,,8.478
0,0,,0,,1,2,0,,8.518
387,0.1,,48,0,0,0,0,0,8.55
387,0,,48,0,0,0,0,0,8.6
0,0,,0,,1,2,0,,8.603
0,0,,0,,1,2,0,,8.648
0,0,,0,,1,2,0,,8.688
0,0,,0,,1,2,0,,8.728
0,0,,0,,1,2,0,,8.773
387,0,,48,0,0,0,0,0,8.8
387,0,,48,0,0,0,0,0,8.85
0,0,,0,,1,2,0,,8.858
0,0,,0,,1,2,0,,8.898
380,37,91,0,,485.62,,0,,8.926
387,0,,48,0,0,0,0,0,8.95
387,0,,48,0,0,0,0,0,9
387,0,,48,0,0,0,0,0,9.05
387,0.1,,48,0,0,0,0,0,9.1
0,0,,0,,1,2,0,,9.108
0,0,,0,,1,2,0,,9.148
0,0,,0,,1,2,0,,9.193
0,0,,0,,1,2,0,,9.233
0,0,,0,,1,2,0,,9.278
0,0,,0,,1,2,0,,9.318
387,0,,48,0,0,0,0,0,9.35
0,0,,0,,1,2,0,,9.358
387,-0.2,,48,0,0,0,0,0,9.4
0,0,,0,,1,2,0,,9.403
0,0,,0,,1,2,0,,9.443
380,37,90,0,,485.61,,0,,9.48
0,0,,0,,1,2,0,,9.488
0,0,,0,,1,2,0,,9.532
0,0,,0,,1,2,0,,9.572
387,0,,48,0,0,0,0,0,9.6
387,-0.2,,48,0,0,0,0,0,9.65
0,0,,0,,1,2,0,,9.657
387,0.5,,48,0,0,0,0,0,9.7
0,0,,0,,1,2,0,,9.702
0,0,,0,,1,2,0,,9.782
0,0,,0,,1,2,0,,9.827
387,0.1,,48,0,0,0,0,0,9.85
387,-0.2,,48,0,0,0,0,0,9.9
0,0,,0,,1,2,0,,9.912
387,-0.2,,48,0,0,0,0,0,9.95
0,0,,0,,1,2,0,,9.952
766,0,0,100,100,100,135,9992,,9.992
0,0,,0,,1,2,0,,9.992
380,37,90,0,,485.61,,0,,10.033
0,0,,0,,1,2,0,,10.037
0,0,,0,,1,2,0,,10.077
387,-0.2,,48,0,0,0,0,0,10.1
387,0,,48,0,0,0,0,0,10.15
387,-0.2,,48,0,0,0,0,0,10.2
0,0,,0,,1,2,0,,10.202
0,0,,0,,1,2,0,,10.247
0,0,,0,,1,2,0,,10.287
5,333.6,,0,,0,,26.4,,10.31
0,0,,0,,1,2,0,,10.372
387,-0.8,,48,0,0,0,0,0,10.4
387,0.1,,48,0,0,0,0,0,10.45
0,0,,0,,1,2,0,,10.457
0,0,,0,,1,2,0,,10.497
0,0,,0,,1,2,0,,10.542
0,0,,0,,1,2,0,,10.582
0,0,,0,,1,2,0,,10.622
387,0,,48,0,0,0,0,0,10.65
387,-0.2,,48,0,0,0,0,0,10.7
0,0,,0,,1,2,0,,10.707
387,0.3,,48,0,0,0,0,0,10.75
0,0,,0,,1,2,0,,10.752
0,0,,0,,1,2,0,,10.792
5,333.6,,0,,0,,26.4,,10.82
387,0.3,,48,0,0,0,0,0,10.85
387,-0.2,,48,0,0,0,0,0,10.9
387,-0.4,,48,0,0,0,0,0,10.95
0,0,,0,,1,2,0,,10.962
387,0,,48,0,0,0,0,0,11
0,0,,0,,1,2,0,,11.002
0,0,,0,,1,2,0,,11.127
387,0.3,,48,0,0,0,0,0,11.15
387,0,,48,0,0,0,0,0,11.2
400,33.3,,33.9,,301,,300,,11.22
387,0,,48,0,0,0,0,0,11.25
0,0,,0,,1,2,0,,11.252
0,0,,0,,1,2,0,,11.297
5,333.6,,0,,0,,26.4,,11.33
0,0,,0,,1,2,0,,11.337
0,0,,0,,1,2,0,,11.382
0,0,,0,,1,2,0,,11.422
387,0,,48,0,0,0,0,0,11.45
387,-0.4,,48,0,0,0,0,0,11.5
0,0,,0,,1,2,0,,11.507
0,0,,0,,1,2,0,,11.547
0,0,,0,,1,2,0,,11.592
0,0,,0,,1,2,0,,11.632
0,0,,0,,1,2,0,,11.672
380,37,90,0,,485.61,,0,,11.7
387,-0.2,,48,0,0,0,0,0,11.75
0,0,,0,,1,2,0,,11.757
5,333.6,,0,,0,,26.4,,11.84
0,0,,0,,1,2,0,,11.842
0,0,,0,,1,2,0,,11.882
0,0,,0,,1,2,0,,11.927
387,0.1,,48,0,0,0,0,0,11.95
387,0,,48,0,0,0,0,0,12
0,0,,0,,1,2,0,,12.012
387,-0.2,,48,0,0,0,0,0,12.05
0,0,,0,,1,2,0,,12.052
766,0,0,100,100,100,135,12092,,12.092
0,0,,0,,1,2,0,,12.092
0,0,,0,,1,2,0,,12.137
0,0,,0,,1,2,0,,12.177
387,0,,48,0,0,0,0,0,12.2
387,0,,48,0,0,0,0,0,12.25
0,0,,0,,1,2,0,,12.302
400,33,,34,,302,,302,,12.342
0,0,,0,,1,2,0,,12.347
0,0,,0,,1,2,0,,12.387
387,0,,48,0,0,0,0,0,12.45
387,-0.2,,48,0,0,0,0,0,12.5
387,0.5,,48,0,0,0,0,0,12.55
0,0,,0,,1,2,0,,12.557
0,0,,0,,1,2,0,,12.597
0,0,,0,,1,2,0,,12.642
0,0,,0,,1,2,0,,12.682
0,0,,0,,1,2,0,,12.722
0,0,,0,,1,2,0,,12.767
387,-0.2,,48,0,0,0,0,0,12.8
0,0,,0,,1,2,0,,12.807
387,0.3,,48,0,0,0,0,0,12.85
0,0,,0,,1,2,0,,12.852
0,0,,0,,1,2,0,,12.892
0,0,,0,,1,2,0,,12.932
0,0,,0,,1,2,0,,12.977
387,-0.2,,48,0,0,0,0,0,13
387,0,,48,0,0,0,0,0,13.05
0,0,,0,,1,2,0,,13.062
387,0,,48,0,0,0,0,0,13.1
0,0,,0,,1,2,0,,13.102
387,-0.4,,48,0,0,0,0,0,13.15
0,0,,0,,1,2,0,,13.187
0,0,,0,,1,2,0,,13.227
387,-0.4,,48,0,0,0,0,0,13.25
387,-0.4,,48,0,0,0,0,0,13.3
387,0,,48,0,0,0,0,0,13.35
0,0,,0,,1,2,0,,13.352
387,0.3,,48,0,0,0,0,0,13.4
0,0,,0,,1,2,0,,13.401
0,0,,0,,1,2,0,,13.441
400,33.5,,34,,303,,303,,13.464
387,0,,48,0,0,0,0,0,13.5
387,0.1,,48,0,0,0,0,0,13.55
387,0,,48,0,0,0,0,0,13.6
387,-0.2,,48,0,0,0,0,0,13.65
0,0,,0,,1,2,0,,13.651
0,0,,0,,1,2,0,,13.696
0,0,,0,,1,2,0,,13.736
0,0,,0,,1,2,0,,13.776
387,-0.2,,48,0,0,0,0,0,13.85
5,333.6,,0,,0,,26.4,,13.88
380,37,89,0,,485.61,,0,,13.922
387,0,,48,0,0,0,0,0,13.95
0,0,,0,,1,2,0,,13.986
400,33,,33.7,,302,,304,,14.025
0,0,,0,,1,2,0,,14.031
0,0,,0,,1,2,0,,14.071
387,0,,48,0,0,0,0,0,14.1
387,0,,48,0,0,0,0,0,14.15
0,0,,0,,1,2,0,,14.156
766,0,0,100,100,100,135,14196,,14.196
0,0,,0,,1,2,0,,14.196
0,0,,0,,1,2,0,,14.241
0,0,,0,,1,2,0,,14.281
0,0,,0,,1,2,0,,14.326
387,0,,48,0,0,0,0,0,14.35
5,333.6,,0,,0,,26.4,,14.39
387,-0.4,,48,0,0,0,0,0,14.45
0,0,,0,,1,2,0,,14.451
387,0.1,,48,0,0,0,0,0,14.5
0,0,,0,,1,2,0,,14.536
0,0,,0,,1,2,0,,14.576
387,0,,48,0,0,0,0,0,14.6
387,0,,48,0,0,0,0,0,14.65
387,0.1,,48,0,0,0,0,0,14.7
0,0,,0,,1,2,0,,14.701
0,0,,0,,1,2,0,,14.746
0,0,,0,,1,2,0,,14.786
0,0,,0,,1,2,0,,14.826
0,0,,0,,1,2,0,,14.871
387,-0.4,,48,0,0,0,0,0,14.9
387,-0.2,,48,0,0,0,0,0,14.95
0,0,,0,,1,2,0,,14.956
0,0,,0,,1,2,0,,14.996
380,37,89,0,,485.62,,0,,15.028
0,0,,0,,1,2,0,,15.036
0,0,,0,,1,2,0,,15.081
0,0,,0,,1,2,0,,15.121
400,33.3,,33.5,,305,,305,,15.147
387,0,,48,0,0,0,0,0,15.2
0,0,,0,,1,2,0,,15.206
387,0,,48,0,0,0,0,0,15.25
0,0,,0,,1,2,0,,15.291
0,0,,0,,1,2,0,,15.331
0,0,,0,,1,2,0,,15.376
387,0.3,,48,0,0,0,0,0,15.4
387,-0.4,,48,0,0,0,0,0,15.45
0,0,,0,,1,2,0,,15.457
387,-0.4,,48,0,0,0,0,0,15.5
0,0,,0,,1,2,0,,15.502
0,0,,0,,1,2,0,,15.542
0,0,,0,,1,2,0,,15.587
0,0,,0,,1,2,0,,15.627
387,0,,48,0,0,0,0,0,15.65
387,0,,48,0,0,0,0,0,15.7
387,0,,48,0,0,0,0,0,15.75
0,0,,0,,1,2,0,,15.752
0,0,,0,,1,2,0,,15.797
0,0,,0,,1,2,0,,15.837
0,0,,0,,1,2,0,,15.877
387,0,,48,0,0,0,0,0,15.95
387,-0.2,,48,0,0,0,0,0,16
0,0,,0,,1,2,0,,16.007
0,0,,0,,1,2,0,,16.047
0,0,,0,,1,2,0,,16.087
0,0,,0,,1,2,0,,16.132
0,0,,0,,1,2,0,,16.172
387,0,,48,0,0,0,0,0,16.2
387,0,,48,0,0,0,0,0,16.25
0,0,,0,,1,2,0,,16.257
766,0,0,100,100,100,135,16297,,16.297
0,0,,0,,1,2,0,,16.297
0,0,,0,,1,2,0,,16.342
0,0,,0,,1,2,0,,16.382
0,0,,0,,1,2,0,,16.427
387,0,,48,0,0,0,0,0,16.45
387,-0.4,,48,0,0,0,0,0,16.5
0,0,,0,,1,2,0,,16.507
387,-0.2,,48,0,0,0,0,0,16.55
0,0,,0,,1,2,0,,16.552
387,-0.2,,48,0,0,0,0,0,16.6
0,0,,0,,1,2,0,,16.637
0,0,,0,,1,2,0,,16.677
0,0,,0,,1,2,0,,16.717
387,0,,48,0,0,0,0,0,16.75
387,0,,48,0,0,0,0,0,16.8
0,0,,0,,1,2,0,,16.802
400,33.5,,33.9,,306,,306,,16.83
387,0,,48,0,0,0,0,0,16.85
0,0,,0,,1,2,0,,16.887
0,0,,0,,1,2,0,,16.927
0,0,,0,,1,2,0,,16.972
387,-0.2,,48,0,0,0,0,0,17
387,0,,48,0,0,0,0,0,17.05
0,0,,0,,1,2,0,,17.057
0,0,,0,,1,2,0,,17.097
0,0,,0,,1,2,0,,17.137
0,0,,0,,1,2,0,,17.182
0,0,,0,,1,2,0,,17.222
380,37,89,0,,485.62,,0,,17.248
387,-0.8,,48,0,0,0,0,0,17.3
0,0,,0,,1,2,0,,17.307
400,33.6,,33.5,,307,,306,,17.391
0,0,,0,,1,2,0,,17.392
0,0,,0,,1,2,0,,17.432
0,0,,0,,1,2,0,,17.477
387,-0.2,,48,0,0,0,0,0,17.5
387,0,,48,0,0,0,0,0,17.55
0,0,,0,,1,2,0,,17.557
387,0,,48,0,0,0,0,0,17.6
0,0,,0,,1,2,0,,17.602
0,0,,0,,1,2,0,,17.642
0,0,,0,,1,2,0,,17.687
0,0,,0,,1,2,0,,17.727
387,-0.4,,48,0,0,0,0,0,17.75
387,-0.2,,48,0,0,0,0,0,17.8
387,-0.2,,48,0,0,0,0,0,17.85
0,0,,0,,1,2,0,,17.856
387,0,,48,0,0,0,0,0,17.9
0,0,,0,,1,2,0,,17.901
0,0,,0,,1,2,0,,17.941
387,0,,48,0,0,0,0,0,18
387,0,,48,0,0,0,0,0,18.05
387,0.1,,48,0,0,0,0,0,18.1
0,0,,0,,1,2,0,,18.111
387,-0.4,,48,0,0,0,0,0,18.15
0,0,,0,,1,2,0,,18.151
0,0,,0,,1,2,0,,18.191
0,0,,0,,1,2,0,,18.236
0,0,,0,,1,2,0,,18.276
387,-0.4,,48,0,0,0,0,0,18.3
387,-0.2,,48,0,0,0,0,0,18.35
387,0.1,,48,0,0,0,0,0,18.4
766,0,0,100,100,100,135,18405,,18.405
0,0,,0,,1,2,0,,18.405
387,-0.2,,48,0,0,0,0,0,18.45
0,0,,0,,1,2,0,,18.45
0,0,,0,,1,2,0,,18.49
400,33.3,,34.1,,306,,305,,18.513
387,0,,48,0,0,0,0,0,18.55
387,-0.2,,48,0,0,0,0,0,18.6
387,-0.2,,48,0,0,0,0,0,18.65
0,0,,0,,1,2,0,,18.66
387,0,,48,0,0,0,0,0,18.7
0,0,,0,,1,2,0,,18.7
0,0,,0,,1,2,0,,18.745
0,0,,0,,1,2,0,,18.785
0,0,,0,,1,2,0,,18.825
0,0,,0,,1,2,0,,18.87
387,-0.4,,48,0,0,0,0,0,18.9
0,0,,0,,1,2,0,,18.91
387,0.1,,48,0,0,0,0,0,18.95
0,0,,0,,1,2,0,,18.959
0,0,,0,,1,2,0,,18.999
0,0,,0,,1,2,0,,19.039
400,33.3,,34,,305,,306,,19.074
0,0,,0,,1,2,0,,19.084
0,0,,0,,1,2,0,,19.124
387,-0.2,,48,0,0,0,0,0,19.15
387,-0.2,,48,0,0,0,0,0,19.2
0,0,,0,,1,2,0,,19.209
0,0,,0,,1,2,0,,19.294
0,0,,0,,1,2,0,,19.334
0,0,,0,,1,2,0,,19.379
0,0,,0,,1,2,0,,19.419
387,-0.2,,48,0,0,0,0,0,19.45
766,0,0,100,100,100,135,19459,,19.459
0,0,,0,,1,2,0,,19.459
5,333.6,,0,,0,,26.1,,19.49
0,0,,0,,1,2,0,,19.544
0,0,,0,,1,2,0,,19.589
0,0,,0,,1,2,0,,19.629
0,0,,0,,1,2,0,,19.669
387,0,,48,0,0,0,0,0,19.7
387,0.1,,48,0,0,0,0,0,19.75
0,0,,0,,1,2,0,,19.754
0,0,,0,,1,2,0,,19.799
0,0,,0,,1,2,0,,19.839
0,0,,0,,1,2,0,,19.879
0,0,,0,,1,2,0,,19.924
0,0,,0,,1,2,0,,19.964
380,37,85,0,,485.62,,0,,20.029
0,0,,0,,1,2,0,,20.089
0,0,,0,,1,2,0,,20.134
0,0,,0,,1,2,0,,20.174
387,0,,48,0,0,0,0,0,20.2
387,0,,48,0,0,0,0,0,20.25
0,0,,0,,1,2,0,,20.259
0,0,,0,,1,2,0,,20.299
0,0,,0,,1,2,0,,20.344
0,0,,0,,1,2,0,,20.384
0,0,,0,,1,2,0,,20.429
0,0,,0,,1,2,0,,20.469
387,0,,48,0,0,0,0,0,20.5
766,0,0,100,100,100,135,20509,,20.509
0,0,,0,,1,2,0,,20.509
387,0,,48,0,0,0,0,0,20.55
0,0,,0,,1,2,0,,20.554
380,37,84,0,,485.61,,0,,20.583
0,0,,0,,1,2,0,,20.643
0,0,,0,,1,2,0,,20.683
0,0,,0,,1,2,0,,20.723
387,0.1,,48,0,0,0,0,0,20.8
0,0,,0,,1,2,0,,20.808
387,-0.2,,48,0,0,0,0,0,20.85
0,0,,0,,1,2,0,,20.853
0,0,,0,,1,2,0,,20.893
0,0,,0,,1,2,0,,20.933
0,0,,0,,1,2,0,,20.978
0,0,,0,,1,2,0,,21.018
387,-0.2,,48,0,0,0,0,0,21.05
0,0,,0,,1,2,0,,21.063
387,-0.8,,48,0,0,0,0,0,21.1
0,0,,0,,1,2,0,,21.103
380,37,84,0,,485.61,,0,,21.136
0,0,,0,,1,2,0,,21.143
0,0,,0,,1,2,0,,21.188
0,0,,0,,1,2,0,,21.228
0,0,,0,,1,2,0,,21.273
387,0,,48,0,0,0,0,0,21.3
400,33.6,,33.4,,301,,306,,21.318
387,-0.2,,48,0,0,0,0,0,21.35
0,0,,0,,1,2,0,,21.353
0,0,,0,,1,2,0,,21.438
0,0,,0,,1,2,0,,21.483
0,0,,0,,1,2,0,,21.523
387,-0.4,,48,0,0,0,0,0,21.55
387,-0.2,,48,0,0,0,0,0,21.6
0,0,,0,,1,2,0,,21.608
0,0,,0,,1,2,0,,21.648
380,37,84,0,,485.61,,0,,21.69
0,0,,0,,1,2,0,,21.693
0,0,,0,,1,2,0,,21.733
0,0,,0,,1,2,0,,21.773
0,0,,0,,1,2,0,,21.818
387,0,,48,0,0,0,0,0,21.85
0,0,,0,,1,2,0,,21.858
387,0.1,,48,0,0,0,0,0,21.9
0,0,,0,,1,2,0,,21.903
0,0,,0,,1,2,0,,21.943
0,0,,0,,1,2,0,,21.983
0,0,,0,,1,2,0,,22.028
380,37,83,0,,485.62,,0,,22.249
387,0,,48,0,0,0,0,0,22.25
387,-0.2,,48,0,0,0,0,0,22.3
387,0,,48,0,0,0,0,0,22.35
387,0,,48,0,0,0,0,0,22.4
0,0,,0,,1,2,0,,22.407
400,33.5,,33.8,,303,,305,,22.44
0,0,,0,,1,2,0,,22.492
0,0,,0,,1,2,0,,22.537
0,0,,0,,1,2,0,,22.577
387,0,,48,0,0,0,0,0,22.6
387,-0.4,,48,0,0,0,0,0,22.65
387,0,,48,0,0,0,0,0,22.7
0,0,,0,,1,2,0,,22.702
0,0,,0,,1,2,0,,22.747
0,0,,0,,1,2,0,,22.787
0,0,,0,,1,2,0,,22.827
0,0,,0,,1,2,0,,22.872
387,0.3,,48,0,0,0,0,0,22.9
387,-0.6,,48,0,0,0,0,0,22.95
0,0,,0,,1,2,0,,22.957
0,0,,0,,1,2,0,,23.037
0,0,,0,,1,2,0,,23.082
0,0,,0,,1,2,0,,23.122
387,-0.4,,48,0,0,0,0,0,23.15
387,0,,48,0,0,0,0,0,23.2
0,0,,0,,1,2,0,,23.207
0,0,,0,,1,2,0,,23.247
0,0,,0,,1,2,0,,23.292
0,0,,0,,1,2,0,,23.332
0,0,,0,,1,2,0,,23.377
387,0,,48,0,0,0,0,0,23.4
387,0,,48,0,0,0,0,0,23.45
0,0,,0,,1,2,0,,23.457
387,-0.4,,48,0,0,0,0,0,23.5
0,0,,0,,1,2,0,,23.502
0,0,,0,,1,2,0,,23.542
5,333.6,,0,,0,,26.4,,23.57
387,-0.2,,48,0,0,0,0,0,23.6
387,0,,48,0,0,0,0,0,23.65
387,-0.4,,48,0,0,0,0,0,23.7
387,0.1,,48,0,0,0,0,0,23.75
0,0,,0,,1,2,0,,23.752
0,0,,0,,1,2,0,,23.797
0,0,,0,,1,2,0,,23.837
0,0,,0,,1,2,0,,23.877
380,37,83,0,,485.62,,0,,23.907
387,0,,48,0,0,0,0,0,23.95
387,0,,48,0,0,0,0,0,24
0,0,,0,,1,2,0,,24.007
0,0,,0,,1,2,0,,24.047
5,333.6,,0,,0,,26.4,,24.08
0,0,,0,,1,2,0,,24.087
400,33.3,,34.2,,298,,306,,24.123
0,0,,0,,1,2,0,,24.132
0,0,,0,,1,2,0,,24.172
387,0.3,,48,0,0,0,0,0,24.2
387,0,,48,0,0,0,0,0,24.25
0,0,,0,,1,2,0,,24.257
0,0,,0,,1,2,0,,24.297
0,0,,0,,1,2,0,,24.342
387,-0.4,,48,0,0,0,0,0,24.4
387,-0.2,,48,0,0,0,0,0,24.45
387,0,,48,0,0,0,0,0,24.5
0,0,,0,,1,2,0,,24.507
387,-0.4,,48,0,0,0,0,0,24.55
0,0,,0,,1,2,0,,24.552
5,333.6,,0,,0,,26.4,,24.59
0,0,,0,,1,2,0,,24.592
0,0,,0,,1,2,0,,24.637
0,0,,0,,1,2,0,,24.677
387,-0.2,,48,0,0,0,0,0,24.7
387,-0.2,,48,0,0,0,0,0,24.75
387,-0.4,,48,0,0,0,0,0,24.8
0,0,,0,,1,2,0,,24.802
0,0,,0,,1,2,0,,24.847
0,0,,0,,1,2,0,,24.887
0,0,,0,,1,2,0,,24.927
0,0,,0,,1,2,0,,24.972
387,0,,48,0,0,0,0,0,25
380,37,83,0,,485.61,,0,,25.017
0,0,,0,,1,2,0,,25.097
0,0,,0,,1,2,0,,25.137
0,0,,0,,1,2,0,,25.182
0,0,,0,,1,2,0,,25.222
400,33,,33.9,,294,,306,,25.245
387,0,,48,0,0,0,0,0,25.3
0,0,,0,,1,2,0,,25.307
0,0,,0,,1,2,0,,25.347
0,0,,0,,1,2,0,,25.392
0,0,,0,,1,2,0,,25.432
0,0,,0,,1,2,0,,25.477
387,-0.2,,48,0,0,0,0,0,25.5
387,0,,48,0,0,0,0,0,25.55
0,0,,0,,1,2,0,,25.557
387,0,,48,0,0,0,0,0,25.6
0,0,,0,,1,2,0,,25.602
0,0,,0,,1,2,0,,25.642
0,0,,0,,1,2,0,,25.687
0,0,,0,,1,2,0,,25.727
387,0.1,,48,0,0,0,0,0,25.75
387,0,,48,0,0,0,0,0,25.8
387,0,,48,0,0,0,0,0,25.85
0,0,,0,,1,2,0,,25.852
0,0,,0,,1,2,0,,25.897
0,0,,0,,1,2,0,,25.937
0,0,,0,,1,2,0,,25.977
0,0,,0,,1,2,0,,26.022
387,0,,48,0,0,0,0,0,26.05
387,-0.2,,48,0,0,0,0,0,26.1
0,0,,0,,1,2,0,,26.107
0,0,,0,,1,2,0,,26.147
0,0,,0,,1,2,0,,26.187
0,0,,0,,1,2,0,,26.232
0,0,,0,,1,2,0,,26.272
387,0,,48,0,0,0,0,0,26.3
387,-0.2,,48,0,0,0,0,0,26.35
0,0,,0,,1,2,0,,26.357
0,0,,0,,1,2,0,,26.397
0,0,,0,,1,2,0,,26.442
0,0,,0,,1,2,0,,26.482
0,0,,0,,1,2,0,,26.527
387,-0.4,,48,0,0,0,0,0,26.6
0,0,,0,,1,2,0,,26.607
387,0,,48,0,0,0,0,0,26.65
0,0,,0,,1,2,0,,26.652
380,37,83,0,,485.62,,0,,26.683
0,0,,0,,1,2,0,,26.692
0,0,,0,,1,2,0,,26.737
0,0,,0,,1,2,0,,26.777
387,-0.4,,48,0,0,0,0,0,26.8
387,-0.4,,48,0,0,0,0,0,26.85
387,-0.2,,48,0,0,0,0,0,26.9
0,0,,0,,1,2,0,,26.902
400,33.5,,33.6,,294,,306,,26.928
387,0.3,,48,0,0,0,0,0,26.95
0,0,,0,,1,2,0,,26.987
0,0,,0,,1,2,0,,27.027
0,0,,0,,1,2,0,,27.072
387,-0.4,,48,0,0,0,0,0,27.1
5,333.6,,0,,0,,26.4,,27.14
0,0,,0,,1,2,0,,27.197
387,-0.4,,48,0,0,0,0,0,27.25
387,0,,48,0,0,0,0,0,27.3
387,-0.2,,48,0,0,0,0,0,27.35
387,-0.2,,48,0,0,0,0,0,27.4
0,0,,0,,1,2,0,,27.407
0,0,,0,,1,2,0,,27.447
400,33.4,,33.6,,293,,306,,27.489
0,0,,0,,1,2,0,,27.492
0,0,,0,,1,2,0,,27.532
0,0,,0,,1,2,0,,27.577
0,0,,0,,1,2,0,,27.617
387,-0.4,,48,0,0,0,0,0,27.65
5,333.7,,0,,0,,26.4,,27.65
0,0,,0,,1,2,0,,27.657
387,-0.2,,48,0,0,0,0,0,27.7
0,0,,0,,1,2,0,,27.702
0,0,,0,,1,2,0,,27.742
0,0,,0,,1,2,0,,27.787
0,0,,0,,1,2,0,,27.827
387,0,,48,0,0,0,0,0,27.85
387,0,,48,0,0,0,0,0,27.9
387,0,,48,0,0,0,0,0,27.95
0,0,,0,,1,2,0,,27.952
0,0,,0,,1,2,0,,27.997
0,0,,0,,1,2,0,,28.037
0,0,,0,,1,2,0,,28.077
0,0,,0,,1,2,0,,28.122
387,0,,48,0,0,0,0,0,28.15
387,-0.2,,48,0,0,0,0,0,28.2
0,0,,0,,1,2,0,,28.208
0,0,,0,,1,2,0,,28.248
0,0,,0,,1,2,0,,28.288
0,0,,0,,1,2,0,,28.333
0,0,,0,,1,2,0,,28.373
387,0,,48,0,0,0,0,0,28.4
387,-0.2,,48,0,0,0,0,0,28.45
0,0,,0,,1,2,0,,28.458
0,0,,0,,1,2,0,,28.498
0,0,,0,,1,2,0,,28.543
0,0,,0,,1,2,0,,28.583
400,33.1,,33.5,,293,,305,,28.611
387,0.1,,48,0,0,0,0,0,28.7
0,0,,0,,1,2,0,,28.708
387,-0.2,,48,0,0,0,0,0,28.75
0,0,,0,,1,2,0,,28.753
0,0,,0,,1,2,0,,28.793
0,0,,0,,1,2,0,,28.838
0,0,,0,,1,2,0,,28.878
380,37,83,0,,485.62,,0,,28.903
387,0,,48,0,0,0,0,0,28.95
387,0,,48,0,0,0,0,0,29
0,0,,0,,1,2,0,,29.003
0,0,,0,,1,2,0,,29.048
0,0,,0,,1,2,0,,29.088
0,0,,0,,1,2,0,,29.128
400,33.7,,33.8,,292,,303,,29.172
0,0,,0,,1,2,0,,29.173
387,-0.2,,48,0,0,0,0,0,29.2
387,0,,48,0,0,0,0,0,29.25
0,0,,0,,1,2,0,,29.258
0,0,,0,,1,2,0,,29.298
387,-0.4,,48,0,0,0,0,0,29.35
387,-0.4,,48,0,0,0,0,0,29.4
387,-0.4,,48,0,0,0,0,0,29.45
387,0,,48,0,0,0,0,0,29.5
0,0,,0,,1,2,0,,29.508
0,0,,0,,1,2,0,,29.548
0,0,,0,,1,2,0,,29.593
0,0,,0,,1,2,0,,29.633
0,0,,0,,1,2,0,,29.678
0,0,,0,,1,2,0,,29.718
387,-0.4,,48,0,0,0,0,0,29.75
0,0,,0,,1,2,0,,29.758
387,-0.2,,48,0,0,0,0,0,29.8
0,0,,0,,1,2,0,,29.803
0,0,,0,,1,2,0,,29.843
0,0,,0,,1,2,0,,29.888
0,0,,0,,1,2,0,,29.928
766,0,0,100,100,100,135,29968,,29.968
0,0,,0,,1,2,0,,29.968
387,-0.2,,48,0,0,0,0,0,30
387,0,,48,0,0,0,0,0,30.05
0,0,,0,,1,2,0,,30.053
0,0,,0,,1,2,0,,30.098
0,0,,0,,1,2,0,,30.138
0,0,,0,,1,2,0,,30.178
0,0,,0,,1,2,0,,30.223
387,0,,48,0,0,0,0,0,30.25
400,33.1,,34.1,,292,,301,,30.294
387,0,,48,0,0,0,0,0,30.3
0,0,,0,,1,2,0,,30.308
0,0,,0,,1,2,0,,30.348
0,0,,0,,1,2,0,,30.388
0,0,,0,,1,2,0,,30.433
0,0,,0,,1,2,0,,30.473
387,-0.4,,48,0,0,0,0,0,30.5
387,-0.4,,48,0,0,0,0,0,30.55
0,0,,0,,1,2,0,,30.558
387,-0.6,,48,0,0,0,0,0,30.6
0,0,,0,,1,2,0,,30.602
0,0,,0,,1,2,0,,30.647
387,-0.2,,48,0,0,0,0,0,30.7
387,0,,48,0,0,0,0,0,30.75
387,-0.2,,48,0,0,0,0,0,30.8
387,0,,48,0,0,0,0,0,30.85
400,33.3,,33.7,,293,,299,,30.855
0,0,,0,,1,2,0,,30.857
0,0,,0,,1,2,0,,30.897
0,0,,0,,1,2,0,,30.942
0,0,,0,,1,2,0,,30.982
766,0,0,100,100,100,135,31022,,31.022
0,0,,0,,1,2,0,,31.022
387,-0.2,,48,0,0,0,0,0,31.05
387,-0.2,,48,0,0,0,0,0,31.1
0,0,,0,,1,2,0,,31.107
387,0.1,,48,0,0,0,0,0,31.15
0,0,,0,,1,2,0,,31.156
0,0,,0,,1,2,0,,31.196
5,333.7,,0,,0,,26.4,,31.22
387,0,,48,0,0,0,0,0,31.25
387,-0.4,,48,0,0,0,0,0,31.3
387,-0.8,,48,0,0,0,0,0,31.35
387,0,,48,0,0,0,0,0,31.4
0,0,,0,,1,2,0,,31.406
0,0,,0,,1,2,0,,31.446
0,0,,0,,1,2,0,,31.491
0,0,,0,,1,2,0,,31.531
0,0,,0,,1,2,0,,31.576
387,-0.4,,48,0,0,0,0,0,31.6
387,-0.4,,48,0,0,0,0,0,31.65
0,0,,0,,1,2,0,,31.656
387,0,,48,0,0,0,0,0,31.7
0,0,,0,,1,2,0,,31.701
5,333.6,,0,,0,,26.3,,31.73
387,-0.2,,48,0,0,0,0,0,31.75
0,0,,0,,1,2,0,,31.786
0,0,,0,,1,2,0,,31.826
387,-0.2,,48,0,0,0,0,0,31.85
387,0.1,,48,0,0,0,0,0,31.9
387,0,,48,0,0,0,0,0,31.95
0,0,,0,,1,2,0,,31.951
387,-0.2,,48,0,0,0,0,0,32
0,0,,0,,1,2,0,,32.036
766,0,0,100,100,100,135,32076,,32.076
0,0,,0,,1,2,0,,32.076
0,0,,0,,1,2,0,,32.121
387,0,,48,0,0,0,0,0,32.15
387,-0.2,,48,0,0,0,0,0,32.2
0,0,,0,,1,2,0,,32.206
380,37,83,0,,485.61,,0,,32.232
387,0,,48,0,0,0,0,0,32.25
0,0,,0,,1,2,0,,32.286
0,0,,0,,1,2,0,,32.331
0,0,,0,,1,2,0,,32.371
387,-0.4,,48,0,0,0,0,0,32.4
387,0,,48,0,0,0,0,0,32.45
0,0,,0,,1,2,0,,32.456
0,0,,0,,1,2,0,,32.496
400,33.3,,34,,296,,297,,32.538
0,0,,0,,1,2,0,,32.541
0,0,,0,,1,2,0,,32.581
387,-0.2,,48,0,0,0,0,0,32.65
0,0,,0,,1,2,0,,32.706
387,0,,48,0,0,0,0,0,32.75
5,333.6,,0,,0,,26.3,,32.75
0,0,,0,,1,2,0,,32.751
380,37,83,0,,485.62,,0,,32.786
0,0,,0,,1,2,0,,32.791
0,0,,0,,1,2,0,,32.836
0,0,,0,,1,2,0,,32.876
387,0,,48,0,0,0,0,0,32.9
387,-0.4,,48,0,0,0,0,0,32.95
387,0,,48,0,0,0,0,0,33
0,0,,0,,1,2,0,,33.001
0,0,,0,,1,2,0,,33.046
0,0,,0,,1,2,0,,33.086
766,0,0,100,100,100,135,33126,,33.126
0,0,,0,,1,2,0,,33.126
0,0,,0,,1,2,0,,33.171
387,-0.2,,48,0,0,0,0,0,33.2
387,-0.2,,48,0,0,0,0,0,33.25
0,0,,0,,1,2,0,,33.256
0,0,,0,,1,2,0,,33.381
0,0,,0,,1,2,0,,33.421
387,0.1,,48,0,0,0,0,0,33.45
387,-0.2,,48,0,0,0,0,0,33.5
0,0,,0,,1,2,0,,33.506
0,0,,0,,1,2,0,,33.546
0,0,,0,,1,2,0,,33.591
0,0,,0,,1,2,0,,33.631
400,33.2,,34.2,,297,,299,,33.66
387,-0.2,,48,0,0,0,0,0,33.7
387,-0.2,,48,0,0,0,0,0,33.75
0,0,,0,,1,2,0,,33.756
387,-0.2,,48,0,0,0,0,0,33.8
0,0,,0,,1,2,0,,33.801
0,0,,0,,1,2,0,,33.841
0,0,,0,,1,2,0,,33.886
0,0,,0,,1,2,0,,33.926
387,-0.4,,48,0,0,0,0,0,33.95
387,0,,48,0,0,0,0,0,34
0,0,,0,,1,2,0,,34.096
0,0,,0,,1,2,0,,34.136
766,0,0,100,100,100,135,34176,,34.176
0,0,,0,,1,2,0,,34.176
400,33.3,,34.2,,297,,300,,34.221
0,0,,0,,1,2,0,,34.221
387,-0.4,,48,0,0,0,0,0,34.25
5,333.6,,0,,0,,26.2,,34.28
0,0,,0,,1,2,0,,34.346
0,0,,0,,1,2,0,,34.386
0,0,,0,,1,2,0,,34.431
380,37,83,0,,485.61,,0,,34.454
387,-0.2,,48,0,0,0,0,0,34.5
387,0,,48,0,0,0,0,0,34.55
0,0,,0,,1,2,0,,34.556
0,0,,0,,1,2,0,,34.596
0,0,,0,,1,2,0,,34.641
0,0,,0,,1,2,0,,34.681
0,0,,0,,1,2,0,,34.726
387,0,,48,0,0,0,0,0,34.75
5,334.1,,0,,0,,26.3,,34.79
387,-0.4,,48,0,0,0,0,0,34.85
0,0,,0,,1,2,0,,34.851
0,0,,0,,1,2,0,,34.891
0,0,,0,,1,2,0,,34.936
0,0,,0,,1,2,0,,34.976
387,-0.4,,48,0,0,0,0,0,35
387,-0.2,,48,0,0,0,0,0,35.05
387,-0.2,,48,0,0,0,0,0,35.1
0,0,,0,,1,2,0,,35.101
0,0,,0,,1,2,0,,35.146
0,0,,0,,1,2,0,,35.186
766,0,0,100,100,100,135,35226,,35.226
0,0,,0,,1,2,0,,35.226
0,0,,0,,1,2,0,,35.271
387,-0.2,,48,0,0,0,0,0,35.3
400,33.3,,33.8,,298,,302,,35.342
387,0,,48,0,0,0,0,0,35.35
0,0,,0,,1,2,0,,35.356
0,0,,0,,1,2,0,,35.396
387,0,,48,0,0,0,0,0,35.45
387,-0.2,,48,0,0,0,0,0,35.5
387,-0.4,,48,0,0,0,0,0,35.55
387,0,,48,0,0,0,0,0,35.6
0,0,,0,,1,2,0,,35.606
0,0,,0,,1,2,0,,35.646
0,0,,0,,1,2,0,,35.691
0,0,,0,,1,2,0,,35.731
0,0,,0,,1,2,0,,35.776
387,-0.2,,48,0,0,0,0,0,35.8
387,0,,48,0,0,0,0,0,35.85
0,0,,0,,1,2,0,,35.857
387,0,,48,0,0,0,0,0,35.9
0,0,,0,,1,2,0,,35.902
0,0,,0,,1,2,0,,35.942
0,0,,0,,1,2,0,,35.987
0,0,,0,,1,2,0,,36.027
387,-0.4,,48,0,0,0,0,0,36.05
387,-0.2,,48,0,0,0,0,0,36.1
380,37,82,0,,485.61,,0,,36.122
387,0,,48,0,0,0,0,0,36.2
0,0,,0,,1,2,0,,36.201
0,0,,0,,1,2,0,,36.241
766,0,0,100,100,100,135,36281,,36.281
0,0,,0,,1,2,0,,36.281
5,334,,0,,0,,26.2,,36.32
0,0,,0,,1,2,0,,36.326
387,-0.6,,48,0,0,0,0,0,36.35
387,0,,48,0,0,0,0,0,36.4
0,0,,0,,1,2,0,,36.411
387,-0.2,,48,0,0,0,0,0,36.45
0,0,,0,,1,2,0,,36.451
0,0,,0,,1,2,0,,36.491
0,0,,0,,1,2,0,,36.536
0,0,,0,,1,2,0,,36.576
387,-0.4,,48,0,0,0,0,0,36.6
387,-0.2,,48,0,0,0,0,0,36.65
380,37,83,0,,485.62,,0,,36.676
387,-0.2,,48,0,0,0,0,0,36.75
0,0,,0,,1,2,0,,36.75
387,-0.2,,48,0,0,0,0,0,36.8
387,0,,48,0,0,0,0,0,36.85
387,-0.2,,48,0,0,0,0,0,36.9
387,-0.2,,48,0,0,0,0,0,36.95
0,0,,0,,1,2,0,,36.96
387,-0.2,,48,0,0,0,0,0,37
0,0,,0,,1,2,0,,37
400,33.7,,33.7,,298,,304,,37.025
387,0,,48,0,0,0,0,0,37.05
0,0,,0,,1,2,0,,37.085
0,0,,0,,1,2,0,,37.125
0,0,,0,,1,2,0,,37.17
387,-0.4,,48,0,0,0,0,0,37.2
0,0,,0,,1,2,0,,37.21
387,-0.4,,48,0,0,0,0,0,37.25
0,0,,0,,1,2,0,,37.255
0,0,,0,,1,2,0,,37.295
766,0,0,100,100,100,135,37335,,37.335
0,0,,0,,1,2,0,,37.335
0,0,,0,,1,2,0,,37.38
387,-0.2,,48,0,0,0,0,0,37.45
0,0,,0,,1,2,0,,37.465
387,-0.4,,48,0,0,0,0,0,37.5
0,0,,0,,1,2,0,,37.505
0,0,,0,,1,2,0,,37.545
400,32.9,,33.3,,299,,304,,37.586
0,0,,0,,1,2,0,,37.59
0,0,,0,,1,2,0,,37.63
0,0,,0,,1,2,0,,37.675
387,0,,48,0,0,0,0,0,37.7
387,-0.6,,48,0,0,0,0,0,37.75
0,0,,0,,1,2,0,,37.755
380,37,83,0,,485.62,,0,,37.79
0,0,,0,,1,2,0,,37.8
0,0,,0,,1,2,0,,37.84
0,0,,0,,1,2,0,,37.885
0,0,,0,,1,2,0,,37.925
387,-0.2,,48,0,0,0,0,0,37.95
387,0,,48,0,0,0,0,0,38
0,0,,0,,1,2,0,,38.01
0,0,,0,,1,2,0,,38.095
0,0,,0,,1,2,0,,38.135
0,0,,0,,1,2,0,,38.175
0,0,,0,,1,2,0,,38.22
387,-0.4,,48,0,0,0,0,0,38.25
0,0,,0,,1,2,0,,38.26
387,-0.4,,48,0,0,0,0,0,38.3
0,0,,0,,1,2,0,,38.305
380,37,83,0,,485.61,,0,,38.344
0,0,,0,,1,2,0,,38.345
766,0,0,100,100,100,135,38386,,38.386
0,0,,0,,1,2,0,,38.386
0,0,,0,,1,2,0,,38.431
0,0,,0,,1,2,0,,38.471
387,-0.2,,48,0,0,0,0,0,38.5
387,-0.2,,48,0,0,0,0,0,38.55
0,0,,0,,1,2,0,,38.556
0,0,,0,,1,2,0,,38.596
0,0,,0,,1,2,0,,38.641
0,0,,0,,1,2,0,,38.681
387,-0.2,,48,0,0,0,0,0,38.75
387,0,,48,0,0,0,0,0,38.8
0,0,,0,,1,2,0,,38.806
387,0,,48,0,0,0,0,0,38.85
0,0,,0,,1,2,0,,38.851
0,0,,0,,1,2,0,,38.891
0,0,,0,,1,2,0,,38.936
0,0,,0,,1,2,0,,38.976
387,0,,48,0,0,0,0,0,39
387,0,,48,0,0,0,0,0,39.05
387,-0.2,,48,0,0,0,0,0,39.1
0,0,,0,,1,2,0,,39.101
0,0,,0,,1,2,0,,39.146
0,0,,0,,1,2,0,,39.186
0,0,,0,,1,2,0,,39.226
400,33.2,,33.9,,300,,304,,39.269
0,0,,0,,1,2,0,,39.271
387,0,,48,0,0,0,0,0,39.3
387,-0.4,,48,0,0,0,0,0,39.35
0,0,,0,,1,2,0,,39.356
766,0,0,100,100,100,135,39436,,39.436
0,0,,0,,1,2,0,,39.436
0,0,,0,,1,2,0,,39.481
0,0,,0,,1,2,0,,39.521
387,-0.2,,48,0,0,0,0,0,39.55
387,0,,48,0,0,0,0,0,39.6
0,0,,0,,1,2,0,,39.606
0,0,,0,,1,2,0,,39.646
0,0,,0,,1,2,0,,39.691
0,0,,0,,1,2,0,,39.731
0,0,,0,,1,2,0,,39.776
387,-0.4,,48,0,0,0,0,0,39.8
400,33.6,,33.8,,300,,304,,39.83
5,333.6,,0,,0,,26.4,,39.89
0,0,,0,,1,2,0,,39.941
0,0,,0,,1,2,0,,39.986
380,37,82,0,,485.62,,0,,40.011
387,0,,48,0,0,0,0,0,40.05
387,-0.2,,48,0,0,0,0,0,40.1
387,0,,48,0,0,0,0,0,40.15
0,0,,0,,1,2,0,,40.155
0,0,,0,,1,2,0,,40.24
0,0,,0,,1,2,0,,40.28
0,0,,0,,1,2,0,,40.325
0,0,,0,,1,2,0,,40.365
400,33.5,,33.3,,299,,304,,40.391
387,-0.4,,48,0,0,0,0,0,40.45
0,0,,0,,1,2,0,,40.45
766,0,0,100,100,100,135,40490,,40.49
0,0,,0,,1,2,0,,40.49
0,0,,0,,1,2,0,,40.535
380,37,83,0,,485.61,,0,,40.565
0,0,,0,,1,2,0,,40.575
0,0,,0,,1,2,0,,40.624
387,-0.2,,48,0,0,0,0,0,40.65
387,-0.2,,48,0,0,0,0,0,40.7
0,0,,0,,1,2,0,,40.704
0,0,,0,,1,2,0,,40.749
0,0,,0,,1,2,0,,40.789
0,0,,0,,1,2,0,,40.834
387,-0.6,,48,0,0,0,0,0,40.9
387,0.3,,48,0,0,0,0,0,40.95
400,32.9,,33.7,,298,,306,,40.952
0,0,,0,,1,2,0,,40.96
387,0,,48,0,0,0,0,0,41
0,0,,0,,1,2,0,,41
0,0,,0,,1,2,0,,41.045
0,0,,0,,1,2,0,,41.085
380,37,83,0,,485.62,,0,,41.118
0,0,,0,,1,2,0,,41.125
0,0,,0,,1,2,0,,41.17
387,-0.2,,48,0,0,0,0,0,41.2
0,0,,0,,1,2,0,,41.21
387,0,,48,0,0,0,0,0,41.25
0,0,,0,,1,2,0,,41.255
0,0,,0,,1,2,0,,41.295
0,0,,0,,1,2,0,,41.335
0,0,,0,,1,2,0,,41.38
5,333.6,,0,,51.3,,0,,41.42
0,0,,0,,1,2,0,,41.505
766,0,0,100,100,100,135,41545,,41.545
0,0,,0,,1,2,0,,41.545
0,0,,0,,1,2,0,,41.59
0,0,,0,,1,2,0,,41.63
380,37,82,0,,485.62,,0,,41.671
0,0,,0,,1,2,0,,41.675
0,0,,0,,1,2,0,,41.719
387,-0.2,,48,0,0,0,0,0,41.75
0,0,,0,,1,2,0,,41.759
387,-0.2,,48,0,0,0,0,0,41.8
0,0,,0,,1,2,0,,41.804
0,0,,0,,1,2,0,,41.844
0,0,,0,,1,2,0,,41.889
0,0,,0,,1,2,0,,41.929
0,0,,0,,1,2,0,,41.969
387,-0.4,,48,0,0,0,0,0,42
387,-0.8,,48,0,0,0,0,0,42.05
0,0,,0,,1,2,0,,42.054
0,0,,0,,1,2,0,,42.139
0,0,,0,,1,2,0,,42.179
0,0,,0,,1,2,0,,42.224
0,0,,0,,1,2,0,,42.268
387,0,,48,0,0,0,0,0,42.3
0,0,,0,,1,2,0,,42.313
387,-0.2,,48,0,0,0,0,0,42.35
0,0,,0,,1,2,0,,42.353
0,0,,0,,1,2,0,,42.393
0,0,,0,,1,2,0,,42.438
0,0,,0,,1,2,0,,42.478
0,0,,0,,1,2,0,,42.523
387,-0.4,,48,0,0,0,0,0,42.55
387,0.1,,48,0,0,0,0,0,42.6
766,0,0,100,100,100,135,42603,,42.603
0,0,,0,,1,2,0,,42.603
400,33.3,,34,,303,,307,,42.635
0,0,,0,,1,2,0,,42.688
0,0,,0,,1,2,0,,42.733
0,0,,0,,1,2,0,,42.773
387,0,,48,0,0,0,0,0,42.8
387,0,,48,0,0,0,0,0,42.85
0,0,,0,,1,2,0,,42.858
0,0,,0,,1,2,0,,42.898
0,0,,0,,1,2,0,,42.943
0,0,,0,,1,2,0,,42.983
0,0,,0,,1,2,0,,43.023
0,0,,0,,1,2,0,,43.068
387,0,,48,0,0,0,0,0,43.1
0,0,,0,,1,2,0,,43.108
387,0,,48,0,0,0,0,0,43.15
0,0,,0,,1,2,0,,43.153
0,0,,0,,1,2,0,,43.193
0,0,,0,,1,2,0,,43.233
0,0,,0,,1,2,0,,43.278
0,0,,0,,1,2,0,,43.318
387,0.1,,48,0,0,0,0,0,43.35
0,0,,0,,1,2,0,,43.363
387,-0.2,,48,0,0,0,0,0,43.4
0,0,,0,,1,2,0,,43.403
0,0,,0,,1,2,0,,43.443
0,0,,0,,1,2,0,,43.488
0,0,,0,,1,2,0,,43.528
0,0,,0,,1,2,0,,43.573
387,-0.4,,48,0,0,0,0,0,43.6
387,0,,48,0,0,0,0,0,43.65
766,0,0,100,100,100,135,43653,,43.653
0,0,,0,,1,2,0,,43.653
0,0,,0,,1,2,0,,43.698
0,0,,0,,1,2,0,,43.738
0,0,,0,,1,2,0,,43.783
0,0,,0,,1,2,0,,43.823
387,-0.4,,48,0,0,0,0,0,43.85
380,37,83,0,,485.62,,0,,43.89
0,0,,0,,1,2,0,,43.948
0,0,,0,,1,2,0,,43.993
0,0,,0,,1,2,0,,44.033
0,0,,0,,1,2,0,,44.073
0,0,,0,,1,2,0,,44.118
387,-0.2,,48,0,0,0,0,0,44.15
0,0,,0,,1,2,0,,44.158
387,-0.2,,48,0,0,0,0,0,44.2
0,0,,0,,1,2,0,,44.203
387,-0.2,,48,0,0,0,0,0,44.45
380,37,82,0,,485.62,,0,,44.45
0,0,,0,,1,2,0,,44.453
5,334,,0,,0,,25.9,,44.48
387,-0.2,,48,0,0,0,0,0,44.5
0,0,,0,,1,2,0,,44.542
0,0,,0,,1,2,0,,44.582
0,0,,0,,1,2,0,,44.627
387,-0.4,,48,0,0,0,0,0,44.65
387,-0.2,,48,0,0,0,0,0,44.7
766,0,0,100,100,100,135,44707,,44.707
0,0,,0,,1,2,0,,44.707
387,0,,48,0,0,0,0,0,44.75
0,0,,0,,1,2,0,,44.752
0,0,,0,,1,2,0,,44.792
0,0,,0,,1,2,0,,44.837
0,0,,0,,1,2,0,,44.877
387,-0.4,,48,0,0,0,0,0,44.9
387,-0.6,,48,0,0,0,0,0,44.95
5,333.7,,0,,0,,26.2,,44.99
0,0,,0,,1,2,0,,45.047
0,0,,0,,1,2,0,,45.087
0,0,,0,,1,2,0,,45.127
0,0,,0,,1,2,0,,45.172
387,0,,48,0,0,0,0,0,45.2
387,0,,48,0,0,0,0,0,45.25
0,0,,0,,1,2,0,,45.257
0,0,,0,,1,2,0,,45.297
0,0,,0,,1,2,0,,45.337
0,0,,0,,1,2,0,,45.382
0,0,,0,,1,2,0,,45.422
0,0,,0,,1,2,0,,45.467
387,-0.4,,48,0,0,0,0,0,45.5
5,334.7,,0,,0,,25.7,,45.5
0,0,,0,,1,2,0,,45.507
0,0,,0,,1,2,0,,45.547
0,0,,0,,1,2,0,,45.596
0,0,,0,,1,2,0,,45.636
0,0,,0,,1,2,0,,45.681
387,-0.6,,48,0,0,0,0,0,45.75
387,0,,48,0,0,0,0,0,45.8
0,0,,0,,1,2,0,,45.806
0,0,,0,,1,2,0,,45.846
0,0,,0,,1,2,0,,45.891
0,0,,0,,1,2,0,,45.931
0,0,,0,,1,2,0,,45.971
387,-0.2,,48,0,0,0,0,0,46
387,0,,48,0,0,0,0,0,46.05
0,0,,0,,1,2,0,,46.057
387,0,,48,0,0,0,0,0,46.1
0,0,,0,,1,2,0,,46.102
0,0,,0,,1,2,0,,46.142
0,0,,0,,1,2,0,,46.182
0,0,,0,,1,2,0,,46.227
387,-0.4,,48,0,0,0,0,0,46.25
387,0,,48,0,0,0,0,0,46.3
0,0,,0,,1,2,0,,46.312
387,0,,48,0,0,0,0,0,46.35
0,0,,0,,1,2,0,,46.352
0,0,,0,,1,2,0,,46.392
387,-0.2,,48,0,0,0,0,0,46.45
387,-0.4,,48,0,0,0,0,0,46.5
387,-0.4,,48,0,0,0,0,0,46.55
387,-0.8,,48,0,0,0,0,0,46.6
0,0,,0,,1,2,0,,46.602
0,0,,0,,1,2,0,,46.647
380,37,83,0,,485.62,,0,,46.671
387,-0.2,,48,0,0,0,0,0,46.7
387,0,,48,0,0,0,0,0,46.75
387,0,,48,0,0,0,0,0,46.8
387,-0.4,,48,0,0,0,0,0,46.85
0,0,,0,,1,2,0,,46.857
0,0,,0,,1,2,0,,46.897
0,0,,0,,1,2,0,,46.942
0,0,,0,,1,2,0,,46.982
0,0,,0,,1,2,0,,47.022
387,-0.2,,48,0,0,0,0,0,47.05
387,-0.4,,48,0,0,0,0,0,47.1
0,0,,0,,1,2,0,,47.107
0,0,,0,,1,2,0,,47.192
380,37,83,0,,485.61,,0,,47.225
0,0,,0,,1,2,0,,47.232
0,0,,0,,1,2,0,,47.277
0,0,,0,,1,2,0,,47.317
387,-0.2,,48,0,0,0,0,0,47.35
0,0,,0,,1,2,0,,47.362
387,-0.2,,48,0,0,0,0,0,47.4
0,0,,0,,1,2,0,,47.402
0,0,,0,,1,2,0,,47.442
0,0,,0,,1,2,0,,47.487
0,0,,0,,1,2,0,,47.527
387,-0.4,,48,0,0,0,0,0,47.55
387,-0.4,,48,0,0,0,0,0,47.6
387,-0.2,,48,0,0,0,0,0,47.65
0,0,,0,,1,2,0,,47.652
400,33,,33.7,,310,,311,,47.684
387,-0.4,,48,0,0,0,0,0,47.7
0,0,,0,,1,2,0,,47.737
380,37,83,0,,485.62,,0,,47.778
0,0,,0,,1,2,0,,47.782
387,-0.2,,48,0,0,0,0,0,47.85
387,-0.2,,48,0,0,0,0,0,47.9
0,0,,0,,1,2,0,,47.907
0,0,,0,,1,2,0,,47.947
0,0,,0,,1,2,0,,47.992
0,0,,0,,1,2,0,,48.032
0,0,,0,,1,2,0,,48.072
387,-0.4,,48,0,0,0,0,0,48.1
387,-0.2,,48,0,0,0,0,0,48.15
0,0,,0,,1,2,0,,48.157
387,-0.2,,48,0,0,0,0,0,48.2
0,0,,0,,1,2,0,,48.202
0,0,,0,,1,2,0,,48.242
0,0,,0,,1,2,0,,48.282
0,0,,0,,1,2,0,,48.327
387,0.3,,48,0,0,0,0,0,48.35
387,-0.2,,48,0,0,0,0,0,48.4
0,0,,0,,1,2,0,,48.412
387,-0.2,,48,0,0,0,0,0,48.45
0,0,,0,,1,2,0,,48.452
387,0,,48,0,0,0,0,0,48.5
0,0,,0,,1,2,0,,48.537
5,334.4,,0,,0,,25.1,,48.56
387,0.1,,48,0,0,0,0,0,48.6
387,-0.4,,48,0,0,0,0,0,48.65
387,-0.4,,48,0,0,0,0,0,48.7
0,0,,0,,1,2,0,,48.702
0,0,,0,,1,2,0,,48.747
0,0,,0,,1,2,0,,48.787
0,0,,0,,1,2,0,,48.832
0,0,,0,,1,2,0,,48.872
387,-0.4,,48,0,0,0,0,0,48.9
387,-0.2,,48,0,0,0,0,0,48.95
0,0,,0,,1,2,0,,48.957
0,0,,0,,1,2,0,,48.997
0,0,,0,,1,2,0,,49.042
5,335.4,,0,,0,,24.9,,49.07
387,0,,48,0,0,0,0,0,49.1
387,0,,48,0,0,0,0,0,49.15
387,0,,48,0,0,0,0,0,49.2
0,0,,0,,1,2,0,,49.207
387,-0.4,,48,0,0,0,0,0,49.25
0,0,,0,,1,2,0,,49.252
0,0,,0,,1,2,0,,49.292
0,0,,0,,1,2,0,,49.332
400,33.1,,34,,307,,311,,49.367
0,0,,0,,1,2,0,,49.377
387,-0.8,,48,0,0,0,0,0,49.4
380,37,82,0,,485.61,,0,,49.444
387,0,,48,0,0,0,0,0,49.5
0,0,,0,,1,2,0,,49.506
0,0,,0,,1,2,0,,49.546
5,335.4,,0,,0,,24.7,,49.58
0,0,,0,,1,2,0,,49.591
0,0,,0,,1,2,0,,49.631
0,0,,0,,1,2,0,,49.676
387,-0.2,,48,0,0,0,0,0,49.7
387,-0.2,,48,0,0,0,0,0,49.75
0,0,,0,,1,2,0,,49.756
0,0,,0,,1,2,0,,49.841
0,0,,0,,1,2,0,,49.886
0,0,,0,,1,2,0,,49.926
387,-0.2,,48,0,0,0,0,0,49.95
380,37,82,0,,485.62,,0,,49.998
387,-0.2,,48,0,0,0,0,0,50.05
0,0,,0,,1,2,0,,50.051
5,335.5,,0,,0,,24.6,,50.09
0,0,,0,,1,2,0,,50.096
0,0,,0,,1,2,0,,50.136
0,0,,0,,1,2,0,,50.176
0,0,,0,,1,2,0,,50.221
387,0,,48,0,0,0,0,0,50.25
387,-0.2,,48,0,0,0,0,0,50.3
0,0,,0,,1,2,0,,50.306
0,0,,0,,1,2,0,,50.346
0,0,,0,,1,2,0,,50.386
0,0,,0,,1,2,0,,50.431
0,0,,0,,1,2,0,,50.471
387,-0.4,,48,0,0,0,0,0,50.5
380,37,83,0,,485.62,,0,,50.551
0,0,,0,,1,2,0,,50.556
0,0,,0,,1,2,0,,50.645
0,0,,0,,1,2,0,,50.685
0,0,,0,,1,2,0,,50.73
0,0,,0,,1,2,0,,50.77
387,-0.4,,48,0,0,0,0,0,50.8
0,0,,0,,1,2,0,,50.81
387,-0.2,,48,0,0,0,0,0,50.85
0,0,,0,,1,2,0,,50.855
0,0,,0,,1,2,0,,50.895
0,0,,0,,1,2,0,,50.94
0,0,,0,,1,2,0,,50.98
766,0,0,100,100,100,135,51020,,51.02
0,0,,0,,1,2,0,,51.02
387,-0.2,,48,0,0,0,0,0,51.05
387,-0.2,,48,0,0,0,0,0,51.1
0,0,,0,,1,2,0,,51.105
a0,35.3,,35.7,,35.4,,41.6,,51.137
a2,35.4,,35.4,,39.4,,0,,51.137
387,-0.2,,48,0,0,0,0,0,51.15
0,0,,0,,1,2,0,,51.15
387,0,,48,0,0,0,0,0,51.2
387,-0.2,,48,0,0,0,0,0,51.25
387,-0.2,,48,0,0,0,0,0,51.3
387,-0.4,,48,0,0,0,0,0,51.35
0,0,,0,,1,2,0,,51.36
387,-0.2,,48,0,0,0,0,0,51.4
0,0,,0,,1,2,0,,51.4
0,0,,0,,1,2,0,,51.44
0,0,,0,,1,2,0,,51.485
0,0,,0,,1,2,0,,51.525
387,-0.4,,48,0,0,0,0,0,51.55
387,0,,48,0,0,0,0,0,51.6
0,0,,0,,1,2,0,,51.61
387,0,,48,0,0,0,0,0,51.65
0,0,,0,,1,2,0,,51.65
0,0,,0,,1,2,0,,51.695
0,0,,0,,1,2,0,,51.735
0,0,,0,,1,2,0,,51.78
0,0,,0,,1,2,0,,51.82
387,-0.2,,48,0,0,0,0,0,51.9
0,0,,0,,1,2,0,,51.905
0,0,,0,,1,2,0,,51.945
0,0,,0,,1,2,0,,51.99
0,0,,0,,1,2,0,,52.03
766,0,0,100,100,100,135,52070,,52.07
0,0,,0,,1,2,0,,52.07
387,-0.4,,48,0,0,0,0,0,52.1
5,336.3,,0,,0,,23.9,,52.13
400,33.5,,33.8,,302,,298,,52.172
380,37,83,0,,485.62,,0,,52.219
387,0,,48,0,0,0,0,0,52.25
387,-0.2,,48,0,0,0,0,0,52.3
387,0,,48,0,0,0,0,0,52.35
387,-0.4,,48,0,0,0,0,0,52.4
0,0,,0,,1,2,0,,52.41
387,-0.2,,48,0,0,0,0,0,52.45
0,0,,0,,1,2,0,,52.45
0,0,,0,,1,2,0,,52.49
387,-0.4,,48,0,0,0,0,0,52.55
387,-0.4,,48,0,0,0,0,0,52.6
5,335.7,,0,,0,,24,,52.64
387,-0.4,,48,0,0,0,0,0,52.7
0,0,,0,,1,2,0,,52.7
400,33,,34.5,,301,,298,,52.733
387,-0.2,,48,0,0,0,0,0,52.75
380,37,83,0,,485.62,,0,,52.773
387,-0.4,,48,0,0,0,0,0,52.8
387,0,,48,0,0,0,0,0,52.85
387,-0.2,,48,0,0,0,0,0,52.9
0,0,,0,,1,2,0,,52.91
387,-0.2,,48,0,0,0,0,0,52.95
0,0,,0,,1,2,0,,52.955
0,0,,0,,1,2,0,,52.995
0,0,,0,,1,2,0,,53.04
0,0,,0,,1,2,0,,53.08
766,0,0,100,100,100,135,53120,,53.12
0,0,,0,,1,2,0,,53.12
387,-0.4,,48,0,0,0,0,0,53.2
0,0,,0,,1,2,0,,53.205
387,0,,48,0,0,0,0,0,53.25
0,0,,0,,1,2,0,,53.25
0,0,,0,,1,2,0,,53.29
0,0,,0,,1,2,0,,53.33
0,0,,0,,1,2,0,,53.375
387,0,,48,0,0,0,0,0,53.4
387,0,,48,0,0,0,0,0,53.45
0,0,,0,,1,2,0,,53.46
387,-0.2,,48,0,0,0,0,0,53.5
0,0,,0,,1,2,0,,53.5
0,0,,0,,1,2,0,,53.54
0,0,,0,,1,2,0,,53.585
0,0,,0,,1,2,0,,53.625
387,-0.2,,48,0,0,0,0,0,53.65
387,-0.2,,48,0,0,0,0,0,53.7
0,0,,0,,1,2,0,,53.71
387,-0.4,,48,0,0,0,0,0,53.75
0,0,,0,,1,2,0,,53.75
0,0,,0,,1,2,0,,53.795
387,-0.4,,48,0,0,0,0,0,53.85
380,37,82,0,,485.61,,0,,53.886
0,0,,0,,1,2,0,,53.924
387,-0.2,,48,0,0,0,0,0,53.95
387,0,,48,0,0,0,0,0,54
0,0,,0,,1,2,0,,54.009
0,0,,0,,1,2,0,,54.049
0,0,,0,,1,2,0,,54.094
0,0,,0,,1,2,0,,54.134
5,336.3,,0,,0,,23.9,,54.17
766,0,0,100,100,100,135,54174,,54.174
0,0,,0,,1,2,0,,54.174
0,0,,0,,1,2,0,,54.219
387,-0.2,,48,0,0,0,0,0,54.25
0,0,,0,,1,2,0,,54.259
387,-0.4,,48,0,0,0,0,0,54.3
0,0,,0,,1,2,0,,54.304
0,0,,0,,1,2,0,,54.344
0,0,,0,,1,2,0,,54.384
400,33.2,,33.6,,301,,298,,54.416
0,0,,0,,1,2,0,,54.473
387,-0.2,,48,0,0,0,0,0,54.5
387,-0.2,,48,0,0,0,0,0,54.55
0,0,,0,,1,2,0,,54.558
0,0,,0,,1,2,0,,54.598
0,0,,0,,1,2,0,,54.643
5,336.3,,0,,0,,23.8,,54.68
0,0,,0,,1,2,0,,54.683
0,0,,0,,1,2,0,,54.728
0,0,,0,,1,2,0,,54.768
387,-0.2,,48,0,0,0,0,0,54.8
0,0,,0,,1,2,0,,54.808
387,0,,48,0,0,0,0,0,54.85
0,0,,0,,1,2,0,,54.853
0,0,,0,,1,2,0,,54.893
0,0,,0,,1,2,0,,54.938
400,33.1,,34,,300,,298,,54.977
0,0,,0,,1,2,0,,54.978
0,0,,0,,1,2,0,,55.018
387,0,,48,0,0,0,0,0,55.05
0,0,,0,,1,2,0,,55.188
766,0,0,100,100,100,135,55228,,55.228
0,0,,0,,1,2,0,,55.228
0,0,,0,,1,2,0,,55.273
387,-0.2,,48,0,0,0,0,0,55.3
387,-0.2,,48,0,0,0,0,0,55.35
0,0,,0,,1,2,0,,55.358
0,0,,0,,1,2,0,,55.398
0,0,,0,,1,2,0,,55.438
0,0,,0,,1,2,0,,55.483
0,0,,0,,1,2,0,,55.523
387,-0.2,,48,0,0,0,0,0,55.55
387,-0.8,,48,0,0,0,0,0,55.6
0,0,,0,,1,2,0,,55.608
0,0,,0,,1,2,0,,55.648
0,0,,0,,1,2,0,,55.693
0,0,,0,,1,2,0,,55.733
0,0,,0,,1,2,0,,55.778
0,0,,0,,1,2,0,,55.818
387,0,,48,0,0,0,0,0,55.85
0,0,,0,,1,2,0,,55.858
0,0,,0,,1,2,0,,55.943
0,0,,0,,1,2,0,,55.988
0,0,,0,,1,2,0,,56.028
0,0,,0,,1,2,0,,56.068
400,33.1,,33.9,,299,,301,,56.099
387,-0.2,,48,0,0,0,0,0,56.15
0,0,,0,,1,2,0,,56.157
387,-0.2,,48,0,0,0,0,0,56.2
0,0,,0,,1,2,0,,56.202
0,0,,0,,1,2,0,,56.242
766,0,0,100,100,100,135,56282,,56.282
0,0,,0,,1,2,0,,56.282
0,0,,0,,1,2,0,,56.327
387,0,,48,0,0,0,0,0,56.35
387,-0.2,,48,0,0,0,0,0,56.4
0,0,,0,,1,2,0,,56.412
387,0,,48,0,0,0,0,0,56.45
0,0,,0,,1,2,0,,56.452
0,0,,0,,1,2,0,,56.492
387,0,,48,0,0,0,0,0,56.55
387,-0.4,,48,0,0,0,0,0,56.6
387,-0.2,,48,0,0,0,0,0,56.65
387,0,,48,0,0,0,0,0,56.7
0,0,,0,,1,2,0,,56.706
387,-0.6,,48,0,0,0,0,0,56.75
0,0,,0,,1,2,0,,56.751
0,0,,0,,1,2,0,,56.791
0,0,,0,,1,2,0,,56.836
0,0,,0,,1,2,0,,56.876
387,0,,48,0,0,0,0,0,56.9
387,-0.4,,48,0,0,0,0,0,56.95
387,0,,48,0,0,0,0,0,57
0,0,,0,,1,2,0,,57.001
0,0,,0,,1,2,0,,57.046
0,0,,0,,1,2,0,,57.086
0,0,,0,,1,2,0,,57.126
0,0,,0,,1,2,0,,57.171
387,-0.2,,48,0,0,0,0,0,57.2
380,37,82,0,,485.62,,0,,57.216
387,0,,48,0,0,0,0,0,57.3
0,0,,0,,1,2,0,,57.301
766,0,0,100,100,100,135,57341,,57.341
0,0,,0,,1,2,0,,57.341
0,0,,0,,1,2,0,,57.386
0,0,,0,,1,2,0,,57.426
387,0,,48,0,0,0,0,0,57.45
387,-0.2,,48,0,0,0,0,0,57.5
387,0,,48,0,0,0,0,0,57.55
0,0,,0,,1,2,0,,57.551
0,0,,0,,1,2,0,,57.596
0,0,,0,,1,2,0,,57.636
0,0,,0,,1,2,0,,57.681
0,0,,0,,1,2,0,,57.721
387,-0.4,,48,0,0,0,0,0,57.75
380,37,83,0,,485.62,,0,,57.776
400,33.3,,34,,303,,305,,57.782
387,-0.4,,48,0,0,0,0,0,57.85
0,0,,0,,1,2,0,,57.85
0,0,,0,,1,2,0,,57.895
387,-0.2,,48,0,0,0,0,0,57.95
387,0,,48,0,0,0,0,0,58
387,-0.4,,48,0,0,0,0,0,58.05
0,0,,0,,1,2,0,,58.06
387,-0.2,,48,0,0,0,0,0,58.1
0,0,,0,,1,2,0,,58.105
0,0,,0,,1,2,0,,58.145
0,0,,0,,1,2,0,,58.185
0,0,,0,,1,2,0,,58.23
0,0,,0,,1,2,0,,58.27
387,-0.2,,48,0,0,0,0,0,58.3
0,0,,0,,1,2,0,,58.315
400,33.2,,33.9,,305,,305,,58.343
766,0,0,100,100,100,135,58395,,58.395
0,0,,0,,1,2,0,,58.395
0,0,,0,,1,2,0,,58.44
0,0,,0,,1,2,0,,58.48
0,0,,0,,1,2,0,,58.525
387,-0.4,,48,0,0,0,0,0,58.55
387,-0.2,,48,0,0,0,0,0,58.6
0,0,,0,,1,2,0,,58.605
0,0,,0,,1,2,0,,58.69
0,0,,0,,1,2,0,,58.735
5,336.2,,0,,0,,23.8,,58.76
387,-0.2,,48,0,0,0,0,0,58.8
387,-0.2,,48,0,0,0,0,0,58.85
0,0,,0,,1,2,0,,58.86
380,37,83,0,,485.62,,0,,58.884
400,33.1,,33.4,,305,,306,,58.904
0,0,,0,,1,2,0,,58.945
0,0,,0,,1,2,0,,58.985
0,0,,0,,1,2,0,,59.025
0,0,,0,,1,2,0,,59.07
387,-0.2,,48,0,0,0,0,0,59.1
0,0,,0,,1,2,0,,59.11
387,-0.2,,48,0,0,0,0,0,59.15
0,0,,0,,1,2,0,,59.155
0,0,,0,,1,2,0,,59.195
0,0,,0,,1,2,0,,59.235
5,336.1,,0,,0,,23.8,,59.27
0,0,,0,,1,2,0,,59.28
387,-0.2,,48,0,0,0,0,0,59.35
0,0,,0,,1,2,0,,59.365
387,-0.2,,48,0,0,0,0,0,59.4
0,0,,0,,1,2,0,,59.405
380,37,82,0,,485.62,,0,,59.438
766,0,0,100,100,100,135,59445,,59.445
0,0,,0,,1,2,0,,59.445
0,0,,0,,1,2,0,,59.494
0,0,,0,,1,2,0,,59.534
0,0,,0,,1,2,0,,59.579
0,0,,0,,1,2,0,,59.619
387,0,,48,0,0,0,0,0,59.65
0,0,,0,,1,2,0,,59.659
387,0,,48,0,0,0,0,0,59.7
0,0,,0,,1,2,0,,59.704
0,0,,0,,1,2,0,,59.744
5,335.8,,0,,0,,23.9,,59.78
0,0,,0,,1,2,0,,59.789
0,0,,0,,1,2,0,,59.829
387,0,,48,0,0,0,0,0,59.9
387,0.1,,48,0,0,0,0,0,59.95
0,0,,0,,1,2,0,,59.954
380,37,83,0,,485.62,,0,,59.998
0,0,,0,,1,2,0,,59.999
400,33.3,,33.6,,301,,309,,60.026
387,-0.8,,48,0,0,0,0,0,60.05
0,0,,0,,1,2,0,,60.083
0,0,,0,,1,2,0,,60.128
0,0,,0,,1,2,0,,60.168
387,-0.2,,48,0,0,0,0,0,60.2
0,0,,0,,1,2,0,,60.213
387,-0.2,,48,0,0,0,0,0,60.25
0,0,,0,,1,2,0,,60.253
5,336,,0,,0,,24.1,,60.29
0,0,,0,,1,2,0,,60.293
0,0,,0,,1,2,0,,60.338
0,0,,0,,1,2,0,,60.378
0,0,,0,,1,2,0,,60.423
387,-0.4,,48,0,0,0,0,0,60.45
387,-0.4,,48,0,0,0,0,0,60.5
766,0,0,100,100,100,135,60503,,60.503
0,0,,0,,1,2,0,,60.503
0,0,,0,,1,2,0,,60.548
400,33.1,,34,,295,,309,,60.587
0,0,,0,,1,2,0,,60.588
0,0,,0,,1,2,0,,60.633
0,0,,0,,1,2,0,,60.673
387,-0.2,,48,0,0,0,0,0,60.7
0,0,,0,,1,2,0,,60.758
0,0,,0,,1,2,0,,60.798
0,0,,0,,1,2,0,,60.843
0,0,,0,,1,2,0,,60.883
0,0,,0,,1,2,0,,60.923
0,0,,0,,1,2,0,,60.968
387,-0.4,,48,0,0,0,0,0,61
0,0,,0,,1,2,0,,61.008
387,0,,48,0,0,0,0,0,61.05
0,0,,0,,1,2,0,,61.053
0,0,,0,,1,2,0,,61.093
0,0,,0,,1,2,0,,61.182
0,0,,0,,1,2,0,,61.222
387,-0.2,,48,0,0,0,0,0,61.25
387,0,,48,0,0,0,0,0,61.3
0,0,,0,,1,2,0,,61.307
0,0,,0,,1,2,0,,61.347
0,0,,0,,1,2,0,,61.392
0,0,,0,,1,2,0,,61.432
0,0,,0,,1,2,0,,61.477
387,0,,48,0,0,0,0,0,61.5
387,-0.2,,48,0,0,0,0,0,61.55
766,0,0,100,100,100,135,61557,,61.557
0,0,,0,,1,2,0,,61.557
387,-0.4,,48,0,0,0,0,0,61.6
0,0,,0,,1,2,0,,61.602
0,0,,0,,1,2,0,,61.642
0,0,,0,,1,2,0,,61.687
0,0,,0,,1,2,0,,61.727
0,0,,0,,1,2,0,,61.767
387,-0.2,,48,0,0,0,0,0,61.8
5,335.4,,0,,0,,24.5,,61.82
0,0,,0,,1,2,0,,61.897
0,0,,0,,1,2,0,,61.937
0,0,,0,,1,2,0,,61.977
0,0,,0,,1,2,0,,62.022
387,-0.4,,48,0,0,0,0,0,62.05
387,-0.4,,48,0,0,0,0,0,62.1
0,0,,0,,1,2,0,,62.107
0,0,,0,,1,2,0,,62.147
0,0,,0,,1,2,0,,62.187
380,37,83,0,,485.62,,0,,62.219
387,0,,48,0,0,0,0,0,62.25
387,-0.4,,48,0,0,0,0,0,62.3
5,331.8,,0,,0,,25.5,,62.33
387,-0.4,,48,0,0,0,0,0,62.35
387,0,,48,0,0,0,0,0,62.4
0,0,,0,,1,2,0,,62.401
0,0,,0,,1,2,0,,62.446
0,0,,0,,1,2,0,,62.486
0,0,,0,,1,2,0,,62.531
0,0,,0,,1,2,0,,62.571
387,0,,48,0,0,0,0,0,62.65
0,0,,0,,1,2,0,,62.656
0,0,,0,,1,2,0,,62.696
0,0,,0,,1,2,0,,62.741
380,37,82,0,,485.61,,0,,62.773
0,0,,0,,1,2,0,,62.781
0,0,,0,,1,2,0,,62.825
0,0,,0,,1,2,0,,62.87
387,-0.2,,48,0,0,0,0,0,62.9
0,0,,0,,1,2,0,,62.91
387,-0.2,,48,0,0,0,0,0,62.95
0,0,,0,,1,2,0,,62.955
0,0,,0,,1,2,0,,62.995
0,0,,0,,1,2,0,,63.035
0,0,,0,,1,2,0,,63.08
0,0,,0,,1,2,0,,63.12
387,-0.4,,48,0,0,0,0,0,63.15
0,0,,0,,1,2,0,,63.165
387,0.1,,48,0,0,0,0,0,63.2
0,0,,0,,1,2,0,,63.205
387,-0.4,,48,0,0,0,0,0,63.25
0,0,,0,,1,2,0,,63.29
380,37,83,0,,485.62,,0,,63.327
0,0,,0,,1,2,0,,63.33
0,0,,0,,1,2,0,,63.379
0,0,,0,,1,2,0,,63.419
387,-0.2,,48,0,0,0,0,0,63.45
0,0,,0,,1,2,0,,63.459
387,-0.4,,48,0,0,0,0,0,63.5
0,0,,0,,1,2,0,,63.504
0,0,,0,,1,2,0,,63.544
0,0,,0,,1,2,0,,63.589
0,0,,0,,1,2,0,,63.629
766,0,0,100,100,100,135,63669,,63.669
0,0,,0,,1,2,0,,63.669
387,-0.4,,48,0,0,0,0,0,63.7
387,-0.4,,48,0,0,0,0,0,63.75
0,0,,0,,1,2,0,,63.754
0,0,,0,,1,2,0,,63.799
0,0,,0,,1,2,0,,63.839
387,0,,48,0,0,0,0,0,63.9
387,-0.2,,48,0,0,0,0,0,63.95
387,0,,48,0,0,0,0,0,64
0,0,,0,,1,2,0,,64.013
387,-0.2,,48,0,0,0,0,0,64.05
0,0,,0,,1,2,0,,64.053
0,0,,0,,1,2,0,,64.093
0,0,,0,,1,2,0,,64.138
0,0,,0,,1,2,0,,64.178
0,0,,0,,1,2,0,,64.223
387,-0.6,,48,0,0,0,0,0,64.25
387,-0.6,,48,0,0,0,0,0,64.3
0,0,,0,,1,2,0,,64.303
0,0,,0,,1,2,0,,64.348
0,0,,0,,1,2,0,,64.388
0,0,,0,,1,2,0,,64.433
0,0,,0,,1,2,0,,64.477
387,-0.2,,48,0,0,0,0,0,64.5
387,-0.2,,48,0,0,0,0,0,64.55
387,0,,48,0,0,0,0,0,64.6
0,0,,0,,1,2,0,,64.602
387,0,,48,0,0,0,0,0,64.65
0,0,,0,,1,2,0,,64.687
766,0,0,100,100,100,135,64727,,64.727
0,0,,0,,1,2,0,,64.727
0,0,,0,,1,2,0,,64.772
387,-0.4,,48,0,0,0,0,0,64.8
387,0,,48,0,0,0,0,0,64.85
0,0,,0,,1,2,0,,64.857
5,286.2,,0,,0,,74,,64.88
387,0,,48,0,0,0,0,0,64.9
0,0,,0,,1,2,0,,64.937
0,0,,0,,1,2,0,,64.982
0,0,,0,,1,2,0,,65.022
387,-0.2,,48,0,0,0,0,0,65.05
400,33.7,,33.9,,288,,306,,65.075
387,-0.4,,48,0,0,0,0,0,65.1
0,0,,0,,1,2,0,,65.107
0,0,,0,,1,2,0,,65.147
0,0,,0,,1,2,0,,65.192
387,0,,48,0,0,0,0,0,65.25
387,0,,48,0,0,0,0,0,65.3
387,-0.2,,48,0,0,0,0,0,65.35
0,0,,0,,1,2,0,,65.357
5,287,,0,,0,,73.3,,65.39
0,0,,0,,1,2,0,,65.442
0,0,,0,,1,2,0,,65.487
0,0,,0,,1,2,0,,65.527
387,0,,48,0,0,0,0,0,65.55
387,-0.2,,48,0,0,0,0,0,65.6
400,33.4,,33.3,,288,,308,,65.636
0,0,,0,,1,2,0,,65.697
0,0,,0,,1,2,0,,65.737
766,0,0,100,100,100,135,241,,65.777
0,0,,0,,1,2,0,,65.777
0,0,,0,,1,2,0,,65.822
0,0,,0,,1,2,0,,65.862
387,-0.2,,48,0,0,0,0,0,65.9
5,285.3,,0,,0,,74.5,,65.9
0,0,,0,,1,2,0,,65.907
387,-0.2,,48,0,0,0,0,0,66.15
0,0,,0,,1,2,0,,66.157
0,0,,0,,1,2,0,,66.282
0,0,,0,,1,2,0,,66.327
387,-0.2,,48,0,0,0,0,0,66.35
387,0,,48,0,0,0,0,0,66.4
0,0,,0,,1,2,0,,66.407
387,0,,48,0,0,0,0,0,66.45
0,0,,0,,1,2,0,,66.452
0,0,,0,,1,2,0,,66.492
0,0,,0,,1,2,0,,66.537
0,0,,0,,1,2,0,,66.577
387,-0.4,,48,0,0,0,0,0,66.6
387,0,,48,0,0,0,0,0,66.65
387,-0.2,,48,0,0,0,0,0,66.7
0,0,,0,,1,2,0,,66.702
0,0,,0,,1,2,0,,66.787
766,0,0,100,100,100,135,1291,,66.827
0,0,,0,,1,2,0,,66.827
0,0,,0,,1,2,0,,66.872
387,-0.4,,48,0,0,0,0,0,66.9
5,263.9,,1,,0,,82.4,,66.921
387,-0.2,,48,0,0,0,0,0,66.95
0,0,,0,,1,2,0,,66.957
0,0,,0,,1,2,0,,66.997
0,0,,0,,1,2,0,,67.037
0,0,,0,,1,2,0,,67.082
0,0,,0,,1,2,0,,67.122
387,-0.2,,48,0,0,0,0,0,67.15
387,-0.2,,48,0,0,0,0,0,67.2
0,0,,0,,1,2,0,,67.207
0,0,,0,,1,2,0,,67.247
0,0,,0,,1,2,0,,67.292
400,33,,33.9,,291,,308,,67.319
387,-0.2,,48,0,0,0,0,0,67.35
387,-0.2,,48,0,0,0,0,0,67.4
5,204.4,,0,,0,,148.8,,67.43
387,-0.4,,48,0,0,0,0,0,67.5
0,0,,0,,1,2,0,,67.502
0,0,,0,,1,2,0,,67.542
0,0,,0,,1,2,0,,67.587
0,0,,0,,1,2,0,,67.627
387,0,,48,0,0,0,0,0,67.65
387,-0.4,,48,0,0,0,0,0,67.7
387,-0.2,,48,0,0,0,0,0,67.75
0,0,,0,,1,2,0,,67.752
0,0,,0,,1,2,0,,67.797
0,0,,0,,1,2,0,,67.837
766,0,0,100,100,100,135,2341,,67.877
0,0,,0,,1,2,0,,67.877
0,0,,0,,1,2,0,,67.922
387,-0.2,,48,0,0,0,0,0,67.95
387,0,,48,0,0,0,0,0,68
0,0,,0,,1,2,0,,68.007
0,0,,0,,1,2,0,,68.047
0,0,,0,,1,2,0,,68.087
0,0,,0,,1,2,0,,68.132
0,0,,0,,1,2,0,,68.172
387,-0.2,,48,0,0,0,0,0,68.2
387,-0.4,,48,0,0,0,0,0,68.25
0,0,,0,,1,2,0,,68.257
0,0,,0,,1,2,0,,68.297
0,0,,0,,1,2,0,,68.346
0,0,,0,,1,2,0,,68.386
0,0,,0,,1,2,0,,68.431
0,0,,0,,1,2,0,,68.471
387,-0.2,,48,0,0,0,0,0,68.5
387,-0.2,,48,0,0,0,0,0,68.55
0,0,,0,,1,2,0,,68.556
0,0,,0,,1,2,0,,68.596
0,0,,0,,1,2,0,,68.641
0,0,,0,,1,2,0,,68.681
0,0,,0,,1,2,0,,68.721
387,0.1,,48,0,0,0,0,0,68.75
387,-0.2,,48,0,0,0,0,0,68.8
0,0,,0,,1,2,0,,68.806
387,-0.2,,48,0,0,0,0,0,68.85
0,0,,0,,1,2,0,,68.851
380,37,83,0,,485.62,,0,,68.883
0,0,,0,,1,2,0,,68.891
766,0,0,100,100,100,135,3399,,68.935
0,0,,0,,1,2,0,,68.935
0,0,,0,,1,2,0,,68.98
0,0,,0,,1,2,0,,69.02
387,-0.2,,48,0,0,0,0,0,69.05
0,0,,0,,1,2,0,,69.065
387,-0.4,,48,0,0,0,0,0,69.1
0,0,,0,,1,2,0,,69.105
0,0,,0,,1,2,0,,69.145
0,0,,0,,1,2,0,,69.19
0,0,,0,,1,2,0,,69.23
0,0,,0,,1,2,0,,69.275
387,-0.4,,48,0,0,0,0,0,69.3
387,-0.4,,48,0,0,0,0,0,69.35
0,0,,0,,1,2,0,,69.355
387,-0.2,,48,0,0,0,0,0,69.4
0,0,,0,,1,2,0,,69.4
380,37,83,0,,485.61,,0,,69.437
0,0,,0,,1,2,0,,69.44
5,213.7,,0,,0,,145.9,,69.47
0,0,,0,,1,2,0,,69.485
0,0,,0,,1,2,0,,69.525
387,-0.4,,48,0,0,0,0,0,69.55
387,-0.4,,48,0,0,0,0,0,69.6
0,0,,0,,1,2,0,,69.61
387,-0.4,,48,0,0,0,0,0,69.65
0,0,,0,,1,2,0,,69.65
0,0,,0,,1,2,0,,69.695
0,0,,0,,1,2,0,,69.735
0,0,,0,,1,2,0,,69.775
0,0,,0,,1,2,0,,69.82
387,-0.4,,48,0,0,0,0,0,69.85
0,0,,0,,1,2,0,,69.86
0,0,,0,,1,2,0,,69.945
5,205.1,,0,,0,,148.2,,69.981
766,0,0,100,100,100,135,4449,,69.985
0,0,,0,,1,2,0,,69.985
0,0,,0,,1,2,0,,70.034
0,0,,0,,1,2,0,,70.074
387,0,,48,0,0,0,0,0,70.1
400,33.3,,33.9,,300,,306,,70.124
387,0,,48,0,0,0,0,0,70.15
0,0,,0,,1,2,0,,70.159
0,0,,0,,1,2,0,,70.199
0,0,,0,,1,2,0,,70.244
0,0,,0,,1,2,0,,70.284
0,0,,0,,1,2,0,,70.329
0,0,,0,,1,2,0,,70.369
387,-0.4,,48,0,0,0,0,0,70.4
0,0,,0,,1,2,0,,70.409
387,-0.4,,48,0,0,0,0,0,70.45
0,0,,0,,1,2,0,,70.454
387,-0.8,,48,0,0,0,0,0,70.5
0,0,,0,,1,2,0,,70.539
0,0,,0,,1,2,0,,70.583
0,0,,0,,1,2,0,,70.623
0,0,,0,,1,2,0,,70.668
387,-0.2,,48,0,0,0,0,0,70.7
0,0,,0,,1,2,0,,70.708
387,0,,48,0,0,0,0,0,70.75
0,0,,0,,1,2,0,,70.753
0,0,,0,,1,2,0,,70.793
0,0,,0,,1,2,0,,70.833
0,0,,0,,1,2,0,,70.878
0,0,,0,,1,2,0,,70.918
0,0,,0,,1,2,0,,70.963
387,-0.4,,48,0,0,0,0,0,71
5,237.3,,-1,,0,,109,,71
0,0,,0,,1,2,0,,71.003
766,0,0,100,100,100,135,5507,,71.043
0,0,,0,,1,2,0,,71.043
0,0,,0,,1,2,0,,71.088
387,-0.2,,48,0,0,0,0,0,71.15
387,0,,48,0,0,0,0,0,71.2
400,33.3,,33.9,,300,,307,,71.246
387,0,,48,0,0,0,0,0,71.3
0,0,,0,,1,2,0,,71.302
0,0,,0,,1,2,0,,71.342
0,0,,0,,1,2,0,,71.387
0,0,,0,,1,2,0,,71.427
387,-0.8,,48,0,0,0,0,0,71.45
387,-0.2,,48,0,0,0,0,0,71.5
387,0,,48,0,0,0,0,0,71.55
0,0,,0,,1,2,0,,71.552
0,0,,0,,1,2,0,,71.597
0,0,,0,,1,2,0,,71.637
0,0,,0,,1,2,0,,71.677
0,0,,0,,1,2,0,,71.722
387,-0.2,,48,0,0,0,0,0,71.75
387,-0.4,,48,0,0,0,0,0,71.8
0,0,,0,,1,2,0,,71.807
400,32.9,,33.9,,302,,307,,71.807
0,0,,0,,1,2,0,,71.887
0,0,,0,,1,2,0,,71.932
0,0,,0,,1,2,0,,71.972
387,-0.4,,48,0,0,0,0,0,72
5,229.3,,0,,0,,128,,72.02
387,-0.4,,48,0,0,0,0,0,72.05
0,0,,0,,1,2,0,,72.057
766,0,0,100,100,100,135,6561,,72.097
0,0,,0,,1,2,0,,72.097
0,0,,0,,1,2,0,,72.142
0,0,,0,,1,2,0,,72.182
380,37,82,0,,485.62,,0,,72.212
0,0,,0,,1,2,0,,72.227
387,-0.6,,48,0,0,0,0,0,72.25
387,-0.4,,48,0,0,0,0,0,72.3
0,0,,0,,1,2,0,,72.307
387,-0.8,,48,0,0,0,0,0,72.35
0,0,,0,,1,2,0,,72.352
387,-0.2,,48,0,0,0,0,0,72.4
0,0,,0,,1,2,0,,72.437
0,0,,0,,1,2,0,,72.477
387,-0.2,,48,0,0,0,0,0,72.5
5,227.3,,0,,0,,131.7,,72.53
387,-0.8,,48,0,0,0,0,0,72.6
0,0,,0,,1,2,0,,72.602
0,0,,0,,1,2,0,,72.647
0,0,,0,,1,2,0,,72.687
0,0,,0,,1,2,0,,72.727
380,37,82,0,,485.62,,0,,72.765
0,0,,0,,1,2,0,,72.772
387,-0.4,,48,0,0,0,0,0,72.8
387,0,,48,0,0,0,0,0,72.85
0,0,,0,,1,2,0,,72.857
0,0,,0,,1,2,0,,72.897
400,33.6,,34.1,,303,,307,,72.929
0,0,,0,,1,2,0,,72.937
0,0,,0,,1,2,0,,72.982
5,222.9,,0,,0,,136.1,,73.04
387,-0.8,,48,0,0,0,0,0,73.1
0,0,,0,,1,2,0,,73.107
766,0,0,100,100,100,135,7611,,73.147
0,0,,0,,1,2,0,,73.147
0,0,,0,,1,2,0,,73.192
0,0,,0,,1,2,0,,73.232
0,0,,0,,1,2,0,,73.277
387,-0.4,,48,0,0,0,0,0,73.3
380,37,82,0,,485.62,,0,,73.325
387,-0.2,,48,0,0,0,0,0,73.35
0,0,,0,,1,2,0,,73.357
387,0,,48,0,0,0,0,0,73.4
0,0,,0,,1,2,0,,73.402
0,0,,0,,1,2,0,,73.442
0,0,,0,,1,2,0,,73.487
0,0,,0,,1,2,0,,73.527
387,-0.2,,48,0,0,0,0,0,73.55
387,0,,48,0,0,0,0,0,73.6
387,-0.4,,48,0,0,0,0,0,73.65
0,0,,0,,1,2,0,,73.652
0,0,,0,,1,2,0,,73.697
0,0,,0,,1,2,0,,73.737
0,0,,0,,1,2,0,,73.777
0,0,,0,,1,2,0,,73.822
387,-0.4,,48,0,0,0,0,0,73.85
380,37,83,0,,485.61,,0,,73.879
387,-0.2,,48,0,0,0,0,0,73.95
0,0,,0,,1,2,0,,73.951
0,0,,0,,1,2,0,,73.991
0,0,,0,,1,2,0,,74.036
5,222.2,,0,,0,,137.7,,74.061
387,-0.2,,48,0,0,0,0,0,74.1
387,0,,48,0,0,0,0,0,74.15
387,-0.4,,48,0,0,0,0,0,74.2
766,0,0,100,100,100,135,8665,,74.201
0,0,,0,,1,2,0,,74.201
0,0,,0,,1,2,0,,74.246
387,-0.2,,48,0,0,0,0,0,74.3
387,-0.2,,48,0,0,0,0,0,74.35
387,-0.4,,48,0,0,0,0,0,74.4
380,37,83,0,,485.62,,0,,74.432
0,0,,0,,1,2,0,,74.496
0,0,,0,,1,2,0,,74.541
5,222,,0,,0,,138,,74.57
0,0,,0,,1,2,0,,74.581
400,33.4,,33.9,,306,,307,,74.612
0,0,,0,,1,2,0,,74.621
387,-0.2,,48,0,0,0,0,0,74.65
387,-0.2,,48,0,0,0,0,0,74.7
0,0,,0,,1,2,0,,74.706
387,-0.8,,48,0,0,0,0,0,74.75
0,0,,0,,1,2,0,,74.751
0,0,,0,,1,2,0,,74.791
0,0,,0,,1,2,0,,74.831
0,0,,0,,1,2,0,,74.876
387,-0.4,,48,0,0,0,0,0,74.9
387,0,,48,0,0,0,0,0,74.95
0,0,,0,,1,2,0,,74.961
380,37,83,0,,485.62,,0,,74.986
0,0,,0,,1,2,0,,75.041
5,222,,0,,0,,138,,75.081
0,0,,0,,1,2,0,,75.086
0,0,,0,,1,2,0,,75.126
387,-0.2,,48,0,0,0,0,0,75.15
387,-0.2,,48,0,0,0,0,0,75.2
387,-0.2,,48,0,0,0,0,0,75.25
766,0,0,100,100,100,135,9715,,75.251
0,0,,0,,1,2,0,,75.251
0,0,,0,,1,2,0,,75.296
0,0,,0,,1,2,0,,75.336
0,0,,0,,1,2,0,,75.381
0,0,,0,,1,2,0,,75.421
387,-0.4,,48,0,0,0,0,0,75.45
387,-0.4,,48,0,0,0,0,0,75.5
0,0,,0,,1,2,0,,75.506
387,0,,48,0,0,0,0,0,75.55
5,222,,0,,0,,138,,75.59
0,0,,0,,1,2,0,,75.591
0,0,,0,,1,2,0,,75.631
0,0,,0,,1,2,0,,75.671
387,0,,48,0,0,0,0,0,75.7
400,33.3,,33.9,,307,,304,,75.734
387,-0.2,,48,0,0,0,0,0,75.8
0,0,,0,,1,2,0,,75.801
0,0,,0,,1,2,0,,75.841
0,0,,0,,1,2,0,,75.881
0,0,,0,,1,2,0,,75.926
387,-0.4,,48,0,0,0,0,0,75.95
387,-0.4,,48,0,0,0,0,0,76
0,0,,0,,1,2,0,,76.011
0,0,,0,,1,2,0,,76.051
0,0,,0,,1,2,0,,76.091
0,0,,0,,1,2,0,,76.136
0,0,,0,,1,2,0,,76.176
387,-0.2,,48,0,0,0,0,0,76.2
0,0,,0,,1,2,0,,76.347
0,0,,0,,1,2,0,,76.387
0,0,,0,,1,2,0,,76.432
0,0,,0,,1,2,0,,76.472
387,-0.4,,48,0,0,0,0,0,76.5
387,-0.6,,48,0,0,0,0,0,76.55
0,0,,0,,1,2,0,,76.557
0,0,,0,,1,2,0,,76.597
0,0,,0,,1,2,0,,76.643
0,0,,0,,1,2,0,,76.683
0,0,,0,,1,2,0,,76.723
0,0,,0,,1,2,0,,76.768
387,0,,48,0,0,0,0,0,76.8
0,0,,0,,1,2,0,,76.808
387,-0.4,,48,0,0,0,0,0,76.85
0,0,,0,,1,2,0,,76.853
0,0,,0,,1,2,0,,76.893
0,0,,0,,1,2,0,,76.933
0,0,,0,,1,2,0,,76.978
0,0,,0,,1,2,0,,77.018
387,-0.8,,48,0,0,0,0,0,77.1
0,0,,0,,1,2,0,,77.103
0,0,,0,,1,2,0,,77.143
0,0,,0,,1,2,0,,77.188
0,0,,0,,1,2,0,,77.228
0,0,,0,,1,2,0,,77.273
387,-0.4,,48,0,0,0,0,0,77.3
387,-0.2,,48,0,0,0,0,0,77.35
766,0,0,100,100,100,135,11817,,77.353
0,0,,0,,1,2,0,,77.353
0,0,,0,,1,2,0,,77.398
0,0,,0,,1,2,0,,77.438
0,0,,0,,1,2,0,,77.483
0,0,,0,,1,2,0,,77.523
387,0,,48,0,0,0,0,0,77.55
387,-0.4,,48,0,0,0,0,0,77.6
0,0,,0,,1,2,0,,77.608
0,0,,0,,1,2,0,,77.648
0,0,,0,,1,2,0,,77.693
387,-0.2,,48,0,0,0,0,0,77.75
387,0,,48,0,0,0,0,0,77.8
387,-0.2,,48,0,0,0,0,0,77.85
0,0,,0,,1,2,0,,77.858
387,-0.2,,48,0,0,0,0,0,77.9
0,0,,0,,1,2,0,,77.903
0,0,,0,,1,2,0,,77.943
400,33.3,,33.8,,303,,301,,77.978
0,0,,0,,1,2,0,,77.983
0,0,,0,,1,2,0,,78.028
0,0,,0,,1,2,0,,78.068
387,-0.4,,48,0,0,0,0,0,78.1
0,0,,0,,1,2,0,,78.113
5,222,,0,,0,,135.7,,78.141
0,0,,0,,1,2,0,,78.193
0,0,,0,,1,2,0,,78.238
0,0,,0,,1,2,0,,78.278
380,37,83,0,,485.61,,0,,78.32
0,0,,0,,1,2,0,,78.323
387,0,,48,0,0,0,0,0,78.4
766,0,0,100,100,100,135,12867,,78.403
0,0,,0,,1,2,0,,78.403
0,0,,0,,1,2,0,,78.448
0,0,,0,,1,2,0,,78.488
0,0,,0,,1,2,0,,78.533
0,0,,0,,1,2,0,,78.573
0,0,,0,,1,2,0,,78.613
387,0,,48,0,0,0,0,0,78.65
5,221.2,,0,,0,,139.2,,78.65
0,0,,0,,1,2,0,,78.658
0,0,,0,,1,2,0,,78.698
0,0,,0,,1,2,0,,78.743
0,0,,0,,1,2,0,,78.783
0,0,,0,,1,2,0,,78.823
0,0,,0,,1,2,0,,78.868
387,-0.4,,48,0,0,0,0,0,78.9
0,0,,0,,1,2,0,,78.908
387,-0.4,,48,0,0,0,0,0,78.95
0,0,,0,,1,2,0,,78.953
387,0,,48,0,0,0,0,0,79
0,0,,0,,1,2,0,,79.033
0,0,,0,,1,2,0,,79.078
0,0,,0,,1,2,0,,79.118
387,-0.2,,48,0,0,0,0,0,79.15
5,221.1,,0,,0,,139.3,,79.16
a7,0,,0,,-0.2,,0.1,,79.161
aa,7,12,9,0,0,240,192,0,79.161
ab,0,0,0,0,0,1,0,0,79.161
0,0,,0,,1,2,0,,79.163
387,-0.2,,48,0,0,0,0,0,79.2
0,0,,0,,1,2,0,,79.204
0,0,,0,,1,2,0,,79.244
0,0,,0,,1,2,0,,79.289
0,0,,0,,1,2,0,,79.329
0,0,,0,,1,2,0,,79.374
387,-0.2,,48,0,0,0,0,0,79.4
380,37,83,0,,485.62,,0,,79.426
0,0,,0,,1,2,0,,79.499
0,0,,0,,1,2,0,,79.539
387,0,,48,0,0,0,0,0,79.6
387,0,,48,0,0,0,0,0,79.65
5,220.2,,0,,0,,139.6,,79.67
387,-0.4,,48,0,0,0,0,0,79.7
0,0,,0,,1,2,0,,79.709
0,0,,0,,1,2,0,,79.749
0,0,,0,,1,2,0,,79.794
0,0,,0,,1,2,0,,79.834
0,0,,0,,1,2,0,,79.874
0,0,,0,,1,2,0,,79.919
387,0,,48,0,0,0,0,0,79.95
0,0,,0,,1,2,0,,79.959
380,37,83,0,,485.62,,0,,79.986
0,0,,0,,1,2,0,,80.044
0,0,,0,,1,2,0,,80.084
0,0,,0,,1,2,0,,80.129
0,0,,0,,1,2,0,,80.169
387,-0.2,,48,0,0,0,0,0,80.2
0,0,,0,,1,2,0,,80.214
0,0,,0,,1,2,0,,80.294
0,0,,0,,1,2,0,,80.339
0,0,,0,,1,2,0,,80.379
0,0,,0,,1,2,0,,80.424
387,-0.4,,48,0,0,0,0,0,80.45
387,-0.2,,48,0,0,0,0,0,80.5
766,0,0,100,100,100,135,14968,,80.504
0,0,,0,,1,2,0,,80.504
380,37,82,0,,485.61,,0,,80.54
0,0,,0,,1,2,0,,80.549
0,0,,0,,1,2,0,,80.593
0,0,,0,,1,2,0,,80.638
0,0,,0,,1,2,0,,80.678
0,0,,0,,1,2,0,,80.718
387,-0.2,,48,0,0,0,0,0,80.75
400,33.4,,33.9,,301,,303,,80.783
0,0,,0,,1,2,0,,80.848
0,0,,0,,1,2,0,,80.888
0,0,,0,,1,2,0,,80.928
0,0,,0,,1,2,0,,80.973
387,-0.4,,48,0,0,0,0,0,81
387,0,,48,0,0,0,0,0,81.05
0,0,,0,,1,2,0,,81.058
380,37,83,0,,485.62,,0,,81.093
0,0,,0,,1,2,0,,81.098
0,0,,0,,1,2,0,,81.142
0,0,,0,,1,2,0,,81.187
0,0,,0,,1,2,0,,81.227
387,-0.2,,48,0,0,0,0,0,81.25
387,-0.2,,48,0,0,0,0,0,81.3
400,33.4,,33.9,,302,,303,,81.344
387,-0.2,,48,0,0,0,0,0,81.35
0,0,,0,,1,2,0,,81.352
0,0,,0,,1,2,0,,81.397
0,0,,0,,1,2,0,,81.437
0,0,,0,,1,2,0,,81.482
0,0,,0,,1,2,0,,81.522
387,-0.2,,48,0,0,0,0,0,81.55
387,-0.6,,48,0,0,0,0,0,81.6
0,0,,0,,1,2,0,,81.607
387,0.1,,48,0,0,0,0,0,81.65
0,0,,0,,1,2,0,,81.696
0,0,,0,,1,2,0,,81.737
0,0,,0,,1,2,0,,81.777
0,0,,0,,1,2,0,,81.822
387,-0.2,,48,0,0,0,0,0,81.85
387,-0.4,,48,0,0,0,0,0,81.9
400,33.4,,34,,304,,304,,81.905
0,0,,0,,1,2,0,,81.907
0,0,,0,,1,2,0,,81.947
0,0,,0,,1,2,0,,81.987
0,0,,0,,1,2,0,,82.032
0,0,,0,,1,2,0,,82.072
387,-0.2,,48,0,0,0,0,0,82.1
387,-0.4,,48,0,0,0,0,0,82.15
0,0,,0,,1,2,0,,82.157
0,0,,0,,1,2,0,,82.197
0,0,,0,,1,2,0,,82.246
0,0,,0,,1,2,0,,82.331
0,0,,0,,1,2,0,,82.371
387,-0.2,,48,0,0,0,0,0,82.4
387,0,,48,0,0,0,0,0,82.45
0,0,,0,,1,2,0,,82.456
0,0,,0,,1,2,0,,82.496
0,0,,0,,1,2,0,,82.541
0,0,,0,,1,2,0,,82.581
766,0,0,100,100,100,135,17085,,82.621
0,0,,0,,1,2,0,,82.621
387,-0.2,,48,0,0,0,0,0,82.65
387,-0.8,,48,0,0,0,0,0,82.7
0,0,,0,,1,2,0,,82.706
5,217.6,,0,,0,,142.1,,82.731
380,37,83,0,,485.61,,0,,82.76
387,-0.2,,48,0,0,0,0,0,82.8
0,0,,0,,1,2,0,,82.831
0,0,,0,,1,2,0,,82.876
387,0,,48,0,0,0,0,0,82.9
387,0,,48,0,0,0,0,0,82.95
0,0,,0,,1,2,0,,82.961
387,-0.2,,48,0,0,0,0,0,83
0,0,,0,,1,2,0,,83.001
400,33.2,,33.9,,306,,304,,83.027
387,-0.2,,48,0,0,0,0,0,83.05
0,0,,0,,1,2,0,,83.086
0,0,,0,,1,2,0,,83.126
387,0,,48,0,0,0,0,0,83.15
387,-0.2,,48,0,0,0,0,0,83.2
5,217.6,,0,,0,,142.4,,83.24
387,-0.4,,48,0,0,0,0,0,83.25
0,0,,0,,1,2,0,,83.251
0,0,,0,,1,2,0,,83.296
0,0,,0,,1,2,0,,83.34
0,0,,0,,1,2,0,,83.385
0,0,,0,,1,2,0,,83.425
387,-0.4,,48,0,0,0,0,0,83.45
387,0,,48,0,0,0,0,0,83.5
0,0,,0,,1,2,0,,83.51
400,33.3,,34,,306,,305,,83.588
0,0,,0,,1,2,0,,83.595
0,0,,0,,1,2,0,,83.635
766,0,0,100,100,100,135,18139,,83.675
0,0,,0,,1,2,0,,83.675
0,0,,0,,1,2,0,,83.72
387,-0.4,,48,0,0,0,0,0,83.75
5,216.7,,0,,0,,142.8,,83.751
0,0,,0,,1,2,0,,83.76
387,-0.6,,48,0,0,0,0,0,83.8
0,0,,0,,1,2,0,,83.805
0,0,,0,,1,2,0,,83.845
0,0,,0,,1,2,0,,83.889
0,0,,0,,1,2,0,,83.934
0,0,,0,,1,2,0,,83.974
387,-0.2,,48,0,0,0,0,0,84
387,-0.2,,48,0,0,0,0,0,84.05
0,0,,0,,1,2,0,,84.059
0,0,,0,,1,2,0,,84.099
400,33.3,,33.9,,308,,305,,84.149
0,0,,0,,1,2,0,,84.184
0,0,,0,,1,2,0,,84.229
5,215.9,,0,,0,,143.6,,84.26
a7,0,,0,,0,,0,,84.261
aa,7,12,9,0,0,16,192,0,84.261
ab,0,0,0,0,0,1,0,0,84.261
0,0,,0,,1,2,0,,84.269
387,-0.6,,48,0,0,0,0,0,84.3
0,0,,0,,1,2,0,,84.31
387,-0.8,,48,0,0,0,0,0,84.35
0,0,,0,,1,2,0,,84.355
0,0,,0,,1,2,0,,84.395
380,37,83,0,,485.62,,0,,84.425
0,0,,0,,1,2,0,,84.44
0,0,,0,,1,2,0,,84.48
0,0,,0,,1,2,0,,84.52
387,0,,48,0,0,0,0,0,84.55
387,-0.2,,48,0,0,0,0,0,84.6
0,0,,0,,1,2,0,,84.605
0,0,,0,,1,2,0,,84.69
766,0,0,100,100,100,135,19194,,84.73
0,0,,0,,1,2,0,,84.73
5,215,,0,,0,,144.5,,84.771
0,0,,0,,1,2,0,,84.775
0,0,,0,,1,2,0,,84.815
387,-0.4,,48,0,0,0,0,0,84.85
0,0,,0,,1,2,0,,84.86
387,-0.2,,48,0,0,0,0,0,84.9
0,0,,0,,1,2,0,,84.9
0,0,,0,,1,2,0,,84.94
380,37,83,0,,485.61,,0,,84.977
0,0,,0,,1,2,0,,84.985
0,0,,0,,1,2,0,,85.025
387,-0.2,,48,0,0,0,0,0,85.05
387,0,,48,0,0,0,0,0,85.1
0,0,,0,,1,2,0,,85.11
387,-0.4,,48,0,0,0,0,0,85.15
0,0,,0,,1,2,0,,85.15
387,-0.2,,48,0,0,0,0,0,85.2
0,0,,0,,1,2,0,,85.235
400,32.9,,34,,311,,306,,85.271
0,0,,0,,1,2,0,,85.28
0,0,,0,,1,2,0,,85.32
387,-0.4,,48,0,0,0,0,0,85.35
0,0,,0,,1,2,0,,85.36
387,-0.8,,48,0,0,0,0,0,85.4
0,0,,0,,1,2,0,,85.405
0,0,,0,,1,2,0,,85.445
0,0,,0,,1,2,0,,85.49
0,0,,0,,1,2,0,,85.53
0,0,,0,,1,2,0,,85.574
0,0,,0,,1,2,0,,85.619
387,-0.2,,48,0,0,0,0,0,85.65
0,0,,0,,1,2,0,,85.659
387,-0.2,,48,0,0,0,0,0,85.7
0,0,,0,,1,2,0,,85.704
0,0,,0,,1,2,0,,85.744
5,198.2,,0,,0,,159.2,,85.791
0,0,,0,,1,2,0,,85.829
0,0,,0,,1,2,0,,85.869
387,-0.2,,48,0,0,0,0,0,85.9
0,0,,0,,1,2,0,,85.914
387,-0.4,,48,0,0,0,0,0,85.95
0,0,,0,,1,2,0,,85.954
0,0,,0,,1,2,0,,85.994
0,0,,0,,1,2,0,,86.039
0,0,,0,,1,2,0,,86.079
0,0,,0,,1,2,0,,86.128
0,0,,0,,1,2,0,,86.168
387,-0.2,,48,0,0,0,0,0,86.2
0,0,,0,,1,2,0,,86.208
0,0,,0,,1,2,0,,86.253
0,0,,0,,1,2,0,,86.293
0,0,,0,,1,2,0,,86.338
0,0,,0,,1,2,0,,86.378
0,0,,0,,1,2,0,,86.418
387,-0.4,,48,0,0,0,0,0,86.45
0,0,,0,,1,2,0,,86.673
387,-0.6,,48,0,0,0,0,0,86.7
387,-0.6,,48,0,0,0,0,0,86.75
0,0,,0,,1,2,0,,86.758
0,0,,0,,1,2,0,,86.798
766,0,0,100,100,100,135,21303,,86.839
0,0,,0,,1,2,0,,86.839
0,0,,0,,1,2,0,,86.884
0,0,,0,,1,2,0,,86.924
387,-0.2,,48,0,0,0,0,0,86.95
387,-0.4,,48,0,0,0,0,0,87
0,0,,0,,1,2,0,,87.009
0,0,,0,,1,2,0,,87.049
0,0,,0,,1,2,0,,87.094
0,0,,0,,1,2,0,,87.134
0,0,,0,,1,2,0,,87.179
0,0,,0,,1,2,0,,87.223
387,-0.2,,48,0,0,0,0,0,87.25
387,-0.8,,48,0,0,0,0,0,87.3
0,0,,0,,1,2,0,,87.308
0,0,,0,,1,2,0,,87.393
0,0,,0,,1,2,0,,87.433
0,0,,0,,1,2,0,,87.473
400,33,,34,,312,,306,,87.515
0,0,,0,,1,2,0,,87.518
387,0,,48,0,0,0,0,0,87.55
0,0,,0,,1,2,0,,87.558
387,-0.4,,48,0,0,0,0,0,87.6
0,0,,0,,1,2,0,,87.603
0,0,,0,,1,2,0,,87.643
0,0,,0,,1,2,0,,87.683
0,0,,0,,1,2,0,,87.728
380,37,82,0,,485.62,,0,,87.751
387,-0.2,,48,0,0,0,0,0,87.8
0,0,,0,,1,2,0,,87.813
387,0,,48,0,0,0,0,0,87.85
0,0,,0,,1,2,0,,87.853
766,0,0,100,100,100,135,22357,,87.893
0,0,,0,,1,2,0,,87.893
